,0,1,id,block
0,0.99999857,1.4129794e-06,S100,1
1,0.03151262,0.96848744,S100,1
2,0.033909503,0.9660905,S100,1
3,0.9986979,0.0013021468,S100,1
4,0.058369536,0.9416304,S100,1
5,0.18860811,0.81139195,S100,1
6,0.33522612,0.66477394,S100,1
7,0.35091177,0.64908826,S100,1
8,0.0026688257,0.99733114,S100,1
9,0.67409647,0.32590356,S100,1
10,0.02338835,0.9766117,S100,1
11,0.12240752,0.87759244,S100,1
12,0.91656816,0.08343176,S100,1
13,0.40797797,0.59202206,S100,1
14,0.99231076,0.0076892595,S100,1
15,0.7563448,0.24365516,S100,1
16,0.0010912358,0.99890876,S100,1
17,0.9625823,0.037417747,S100,1
18,0.2295777,0.77042234,S100,1
19,0.019679697,0.98032033,S100,1
20,0.009496481,0.99050355,S100,1
21,0.5342617,0.46573827,S100,1
22,0.9936846,0.0063153696,S100,1
23,0.5240096,0.4759904,S100,1
24,0.73748124,0.26251876,S100,1
25,0.4295317,0.5704683,S100,1
26,0.050055876,0.94994414,S100,1
27,0.9181882,0.081811816,S100,1
28,0.010764914,0.9892351,S100,1
29,0.98355585,0.016444165,S100,1
30,0.47015926,0.5298408,S100,1
31,0.7006345,0.29936555,S100,1
32,0.022035163,0.9779649,S100,1
33,0.9510465,0.048953425,S100,1
34,0.94773346,0.05226656,S100,1
35,0.9542684,0.04573165,S100,1
36,0.9703817,0.029618375,S100,1
37,0.37227288,0.6277271,S100,1
38,0.10272341,0.8972766,S100,1
39,0.20921698,0.790783,S100,1
40,0.24937779,0.75062215,S100,1
41,0.9485005,0.051499438,S100,1
42,0.0026386834,0.99736136,S100,1
43,0.00020787079,0.99979216,S100,1
44,0.9952596,0.0047403737,S100,1
45,0.980608,0.019392027,S100,1
46,0.6087773,0.3912227,S100,1
47,0.6028828,0.39711717,S100,1
0,0.99999857,1.4129794e-06,S100,2
1,0.032122836,0.9678772,S100,2
2,0.014418617,0.98558134,S100,2
3,0.9982034,0.00179664,S100,2
4,0.15461078,0.84538925,S100,2
5,0.12257194,0.87742805,S100,2
6,0.16900419,0.83099586,S100,2
7,0.5019752,0.49802476,S100,2
8,0.0023980492,0.9976019,S100,2
9,0.40921116,0.59078884,S100,2
10,0.007796909,0.9922031,S100,2
11,0.346937,0.65306306,S100,2
12,0.9413877,0.058612294,S100,2
13,0.036146767,0.9638532,S100,2
14,0.99621505,0.003784936,S100,2
15,0.7422811,0.25771898,S100,2
16,0.00035392173,0.99964607,S100,2
17,0.94887507,0.051124934,S100,2
18,0.09577324,0.90422684,S100,2
19,0.038057238,0.96194273,S100,2
20,0.14195104,0.85804904,S100,2
21,0.59100294,0.4089971,S100,2
22,0.9974929,0.0025070761,S100,2
23,0.02918314,0.97081685,S100,2
24,0.7401788,0.2598212,S100,2
25,0.42294902,0.577051,S100,2
26,0.0050627715,0.9949372,S100,2
27,0.666349,0.33365104,S100,2
28,0.008056738,0.99194324,S100,2
29,0.9648923,0.035107683,S100,2
30,0.3147657,0.68523437,S100,2
31,0.5200044,0.4799956,S100,2
32,0.028347587,0.97165245,S100,2
33,0.9848877,0.015112293,S100,2
34,0.9585899,0.041410092,S100,2
35,0.94502246,0.05497759,S100,2
36,0.9494522,0.05054774,S100,2
37,0.6071022,0.39289784,S100,2
38,0.11907217,0.88092786,S100,2
39,0.16930526,0.83069474,S100,2
40,0.44319904,0.55680096,S100,2
41,0.9477614,0.052238524,S100,2
42,0.0012307897,0.9987692,S100,2
43,0.00034994812,0.99965,S100,2
44,0.9638903,0.036109727,S100,2
45,0.9745871,0.025412926,S100,2
46,0.9861362,0.013863784,S100,2
47,0.0151810255,0.98481894,S100,2
0,0.9999988,1.1870998e-06,S100,3
1,0.009059193,0.99094075,S100,3
2,0.9999082,9.1778864e-05,S100,3
3,0.76483154,0.23516852,S100,3
4,0.99992156,7.837882e-05,S100,3
5,0.827403,0.17259699,S100,3
6,0.9142093,0.08579074,S100,3
7,0.23064116,0.7693589,S100,3
8,0.0815774,0.91842264,S100,3
9,0.23062058,0.7693794,S100,3
10,0.98416,0.015839994,S100,3
11,0.9379027,0.062097352,S100,3
12,0.44917607,0.5508239,S100,3
13,0.98285484,0.0171452,S100,3
14,0.3397742,0.66022575,S100,3
15,0.604774,0.39522597,S100,3
16,0.69895923,0.30104083,S100,3
17,0.9532115,0.04678847,S100,3
18,0.020359378,0.97964066,S100,3
19,0.016468825,0.9835312,S100,3
20,0.7192208,0.2807792,S100,3
21,0.99774134,0.0022587166,S100,3
22,0.96920466,0.03079531,S100,3
23,0.21929784,0.7807022,S100,3
24,0.0066332966,0.99336666,S100,3
25,0.97416085,0.025839143,S100,3
26,0.06502551,0.9349745,S100,3
27,0.06728782,0.93271214,S100,3
28,0.8424728,0.15752722,S100,3
29,0.8905083,0.10949162,S100,3
30,0.9392498,0.060750246,S100,3
31,0.9922323,0.0077677225,S100,3
32,0.08324777,0.9167522,S100,3
33,0.9684362,0.03156383,S100,3
34,0.12023205,0.879768,S100,3
35,0.08189915,0.9181008,S100,3
36,0.99267995,0.007320037,S100,3
37,0.6064815,0.3935185,S100,3
38,0.9987739,0.0012260841,S100,3
39,0.99045724,0.009542837,S100,3
40,0.0019708036,0.9980292,S100,3
41,0.13426185,0.86573815,S100,3
42,0.84358215,0.15641783,S100,3
43,0.025351912,0.9746481,S100,3
44,0.00038115523,0.99961877,S100,3
45,0.014282015,0.985718,S100,3
46,0.049453292,0.95054674,S100,3
47,0.38849297,0.611507,S100,3
0,0.9999988,1.1870998e-06,S100,4
1,0.009069871,0.99093014,S100,4
2,0.99996054,3.949197e-05,S100,4
3,0.40122938,0.5987706,S100,4
4,0.9993999,0.00060007384,S100,4
5,0.13569458,0.86430544,S100,4
6,0.92971927,0.07028073,S100,4
7,0.1292992,0.8707008,S100,4
8,0.37493768,0.6250623,S100,4
9,0.23211023,0.7678898,S100,4
10,0.993079,0.0069209374,S100,4
11,0.9164777,0.0835223,S100,4
12,0.31473824,0.6852617,S100,4
13,0.9980726,0.0019273537,S100,4
14,0.009164581,0.9908354,S100,4
15,0.9395991,0.06040094,S100,4
16,0.15083492,0.8491651,S100,4
17,0.92527115,0.074728854,S100,4
18,0.012754768,0.98724526,S100,4
19,0.00635748,0.99364245,S100,4
20,0.81226796,0.18773209,S100,4
21,0.9990736,0.0009263018,S100,4
22,0.98347694,0.016522998,S100,4
23,0.18264416,0.8173558,S100,4
24,0.00429344,0.9957066,S100,4
25,0.9946591,0.005340841,S100,4
26,0.11342497,0.88657504,S100,4
27,0.03600306,0.96399695,S100,4
28,0.88955694,0.11044309,S100,4
29,0.9419669,0.058033086,S100,4
30,0.884203,0.11579702,S100,4
31,0.9906123,0.009387738,S100,4
32,0.08653357,0.91346645,S100,4
33,0.97919184,0.020808157,S100,4
34,0.1722818,0.8277182,S100,4
35,0.0895608,0.91043913,S100,4
36,0.9958152,0.0041847746,S100,4
37,0.6757096,0.32429036,S100,4
38,0.9995801,0.00041990718,S100,4
39,0.99165934,0.008340627,S100,4
40,0.0019266052,0.99807334,S100,4
41,0.061130192,0.9388698,S100,4
42,0.8623226,0.1376774,S100,4
43,0.052040555,0.9479595,S100,4
44,0.00065385236,0.9993462,S100,4
45,0.017328896,0.9826711,S100,4
46,0.061758343,0.9382416,S100,4
47,0.36068416,0.63931584,S100,4
0,0.99999976,2.620971e-07,S91,1
1,0.0054817023,0.99451834,S91,1
2,0.4578899,0.5421101,S91,1
3,0.98202896,0.017971013,S91,1
4,0.0053000744,0.99469995,S91,1
5,0.9999808,1.9155223e-05,S91,1
6,0.026956594,0.9730434,S91,1
7,0.82135874,0.17864133,S91,1
8,0.99365133,0.006348745,S91,1
9,0.96748614,0.032513864,S91,1
10,0.88513684,0.11486319,S91,1
11,0.114358924,0.8856411,S91,1
12,0.00819272,0.9918073,S91,1
13,0.95394045,0.04605953,S91,1
14,0.9626543,0.03734569,S91,1
15,0.34794506,0.65205497,S91,1
16,0.32074416,0.6792558,S91,1
17,0.06576201,0.934238,S91,1
18,0.94815177,0.051848207,S91,1
19,0.10535814,0.8946419,S91,1
20,0.39533323,0.6046668,S91,1
21,0.003467283,0.9965327,S91,1
22,0.77453446,0.22546557,S91,1
23,0.09450691,0.905493,S91,1
24,0.27121773,0.7287823,S91,1
25,0.025398528,0.97460145,S91,1
26,0.0055400254,0.99446,S91,1
27,0.0016350829,0.99836487,S91,1
28,0.008515754,0.9914842,S91,1
29,0.004436608,0.9955634,S91,1
30,0.039432008,0.960568,S91,1
31,0.261854,0.738146,S91,1
32,0.90520626,0.09479369,S91,1
33,0.9182755,0.081724495,S91,1
34,0.013489034,0.986511,S91,1
35,0.19764502,0.80235493,S91,1
36,0.9243234,0.07567662,S91,1
37,0.7520598,0.24794024,S91,1
38,0.98391736,0.016082563,S91,1
39,0.91541785,0.08458221,S91,1
40,0.98627675,0.013723294,S91,1
41,0.012684987,0.98731494,S91,1
42,0.30297717,0.6970228,S91,1
43,0.91133904,0.08866096,S91,1
44,0.9839303,0.016069643,S91,1
45,0.09018654,0.9098134,S91,1
46,0.009196509,0.9908035,S91,1
47,0.4689078,0.5310922,S91,1
0,0.99999976,2.620971e-07,S91,2
1,0.007451363,0.99254864,S91,2
2,0.46533433,0.53466564,S91,2
3,0.9840083,0.015991662,S91,2
4,0.0047671213,0.9952329,S91,2
5,0.99998605,1.3910141e-05,S91,2
6,0.025474662,0.97452533,S91,2
7,0.9414513,0.058548722,S91,2
8,0.9966009,0.0033991216,S91,2
9,0.97547805,0.024521966,S91,2
10,0.91569453,0.084305495,S91,2
11,0.13205832,0.86794174,S91,2
12,0.004003359,0.9959966,S91,2
13,0.9933175,0.006682467,S91,2
14,0.6100336,0.3899665,S91,2
15,0.2751231,0.72487694,S91,2
16,0.21345443,0.78654563,S91,2
17,0.076864794,0.9231352,S91,2
18,0.9492914,0.050708614,S91,2
19,0.103031084,0.89696896,S91,2
20,0.114661835,0.88533825,S91,2
21,0.005950858,0.9940492,S91,2
22,0.8423137,0.15768626,S91,2
23,0.095671676,0.9043283,S91,2
24,0.18610564,0.81389433,S91,2
25,0.019930348,0.98006964,S91,2
26,0.0034115058,0.99658847,S91,2
27,0.0016912024,0.9983088,S91,2
28,0.0042176945,0.9957824,S91,2
29,0.0062657655,0.9937343,S91,2
30,0.03413292,0.9658671,S91,2
31,0.20729287,0.79270715,S91,2
32,0.8915084,0.108491644,S91,2
33,0.93034774,0.069652274,S91,2
34,0.0141122,0.9858878,S91,2
35,0.33792663,0.6620734,S91,2
36,0.9354417,0.064558275,S91,2
37,0.7506204,0.2493796,S91,2
38,0.9898992,0.010100814,S91,2
39,0.86045057,0.13954942,S91,2
40,0.98947024,0.010529777,S91,2
41,0.020023279,0.9799768,S91,2
42,0.37428057,0.6257195,S91,2
43,0.89164096,0.1083591,S91,2
44,0.99132615,0.008673804,S91,2
45,0.013085747,0.9869142,S91,2
46,0.019939194,0.9800608,S91,2
47,0.4890349,0.51096517,S91,2
0,1.0,1.91104e-08,S91,3
1,0.05902312,0.9409769,S91,3
2,0.9988966,0.0011033176,S91,3
3,0.9999838,1.6174989e-05,S91,3
4,0.9989938,0.001006171,S91,3
5,0.99981016,0.00018988464,S91,3
6,0.9999999,1.3038928e-07,S91,3
7,0.99959105,0.0004089963,S91,3
8,0.007472619,0.99252737,S91,3
9,0.99971706,0.00028286994,S91,3
10,0.6691949,0.3308051,S91,3
11,0.9999368,6.315701e-05,S91,3
12,0.90791196,0.09208806,S91,3
13,0.71373504,0.2862649,S91,3
14,0.67396337,0.3260366,S91,3
15,0.4890873,0.5109127,S91,3
16,0.9999056,9.4459014e-05,S91,3
17,0.9621228,0.037877183,S91,3
18,0.0039965487,0.99600345,S91,3
19,0.0023734358,0.9976266,S91,3
20,0.07631467,0.9236853,S91,3
21,0.99104625,0.008953689,S91,3
22,0.14128244,0.8587175,S91,3
23,0.0046723285,0.9953277,S91,3
24,0.76359105,0.23640895,S91,3
25,0.50757253,0.49242744,S91,3
26,0.8729829,0.12701708,S91,3
27,0.19370064,0.8062994,S91,3
28,0.169635,0.830365,S91,3
29,0.96178657,0.038213488,S91,3
30,0.56402284,0.4359772,S91,3
31,0.24722362,0.7527764,S91,3
32,0.9982711,0.0017288752,S91,3
33,0.013190991,0.986809,S91,3
34,0.9917162,0.008283843,S91,3
35,0.947538,0.052461967,S91,3
36,0.08599237,0.9140076,S91,3
37,0.027765777,0.97223425,S91,3
38,0.015126436,0.98487353,S91,3
39,0.99843544,0.0015645848,S91,3
40,0.857498,0.14250204,S91,3
41,0.8772925,0.12270751,S91,3
42,0.97377807,0.026221944,S91,3
43,0.43470475,0.5652953,S91,3
44,0.33370414,0.6662958,S91,3
45,0.9966709,0.0033291613,S91,3
46,0.5996213,0.40037867,S91,3
47,0.66332275,0.33667722,S91,3
0,1.0,1.91104e-08,S91,4
1,0.05000247,0.9499975,S91,4
2,0.9975552,0.0024448587,S91,4
3,0.9999908,9.174781e-06,S91,4
4,0.99989843,0.000101588754,S91,4
5,0.9994892,0.0005108149,S91,4
6,0.9999999,6.765359e-08,S91,4
7,0.9998958,0.000104183324,S91,4
8,0.013462478,0.98653746,S91,4
9,0.99919945,0.00080051064,S91,4
10,0.826263,0.17373696,S91,4
11,0.99981755,0.00018246192,S91,4
12,0.92138237,0.07861757,S91,4
13,0.63095814,0.36904186,S91,4
14,0.8831022,0.116897784,S91,4
15,0.39801776,0.60198224,S91,4
16,0.9999051,9.488965e-05,S91,4
17,0.97139865,0.028601423,S91,4
18,0.0028293557,0.9971706,S91,4
19,0.0011451571,0.9988549,S91,4
20,0.113450825,0.8865492,S91,4
21,0.9914858,0.008514298,S91,4
22,0.34101656,0.6589834,S91,4
23,0.0046458556,0.9953542,S91,4
24,0.7645422,0.23545776,S91,4
25,0.5867807,0.41321927,S91,4
26,0.31795904,0.682041,S91,4
27,0.025352899,0.97464705,S91,4
28,0.322276,0.67772406,S91,4
29,0.94954,0.05045996,S91,4
30,0.60424465,0.39575538,S91,4
31,0.05848915,0.9415108,S91,4
32,0.99800545,0.0019946008,S91,4
33,0.011122406,0.9888776,S91,4
34,0.9624777,0.037522335,S91,4
35,0.9477305,0.05226951,S91,4
36,0.12865342,0.8713466,S91,4
37,0.035562064,0.96443796,S91,4
38,0.016954614,0.98304534,S91,4
39,0.9987748,0.0012251576,S91,4
40,0.8382279,0.16177212,S91,4
41,0.7776021,0.2223979,S91,4
42,0.991964,0.008035962,S91,4
43,0.44663718,0.5533628,S91,4
44,0.2145444,0.78545564,S91,4
45,0.996283,0.0037170511,S91,4
46,0.42297965,0.5770204,S91,4
47,0.5988062,0.40119383,S91,4
0,0.99999976,2.620971e-07,S92,1
1,0.0054817023,0.99451834,S92,1
2,0.49682662,0.50317335,S92,1
3,0.013195418,0.9868046,S92,1
4,0.40500054,0.59499943,S92,1
5,0.99450845,0.005491555,S92,1
6,0.9891549,0.010845143,S92,1
7,0.9117454,0.08825458,S92,1
8,0.9959836,0.004016387,S92,1
9,9.1519905e-05,0.99990845,S92,1
10,0.94708204,0.052917887,S92,1
11,3.1803218e-05,0.9999682,S92,1
12,0.99760157,0.0023985023,S92,1
13,0.99368864,0.0063114157,S92,1
14,0.015388588,0.98461145,S92,1
15,0.087630495,0.9123695,S92,1
16,0.007660182,0.99233985,S92,1
17,0.8797135,0.12028658,S92,1
18,0.3294698,0.6705302,S92,1
19,0.90325737,0.09674262,S92,1
20,0.5663594,0.4336406,S92,1
21,0.8116668,0.18833318,S92,1
22,0.010951248,0.9890487,S92,1
23,0.010621248,0.98937875,S92,1
24,0.4594835,0.5405165,S92,1
25,0.47473726,0.5252628,S92,1
26,0.63764393,0.3623561,S92,1
27,0.6691606,0.3308394,S92,1
28,0.4034753,0.59652466,S92,1
29,0.9995999,0.00040015308,S92,1
30,0.51442945,0.48557046,S92,1
31,0.16269423,0.8373058,S92,1
32,0.9463451,0.0536549,S92,1
33,0.75655353,0.2434465,S92,1
34,0.00010023629,0.99989974,S92,1
35,0.73790973,0.26209033,S92,1
36,0.9917551,0.008244913,S92,1
37,0.8286884,0.17131163,S92,1
38,0.9789025,0.021097528,S92,1
39,0.9533714,0.046628673,S92,1
40,0.9967013,0.0032986873,S92,1
41,0.0027539167,0.99724615,S92,1
42,0.015944857,0.9840552,S92,1
43,0.9952016,0.004798388,S92,1
44,0.5619589,0.4380411,S92,1
45,0.97034687,0.029653177,S92,1
46,0.9598521,0.0401479,S92,1
47,0.013100139,0.9868998,S92,1
0,0.99999976,2.620971e-07,S92,2
1,0.007451363,0.99254864,S92,2
2,0.47162205,0.52837795,S92,2
3,0.020697568,0.97930247,S92,2
4,0.28763878,0.7123613,S92,2
5,0.99406475,0.005935271,S92,2
6,0.98363423,0.01636573,S92,2
7,0.877478,0.12252198,S92,2
8,0.98945576,0.010544239,S92,2
9,8.937609e-05,0.9999106,S92,2
10,0.93529075,0.064709224,S92,2
11,8.0200116e-05,0.9999198,S92,2
12,0.99925417,0.0007457673,S92,2
13,0.99499136,0.0050086635,S92,2
14,0.0135875745,0.9864124,S92,2
15,0.027058316,0.9729417,S92,2
16,0.16540253,0.8345974,S92,2
17,0.936419,0.063581005,S92,2
18,0.18676965,0.8132303,S92,2
19,0.93098867,0.06901137,S92,2
20,0.659191,0.34080893,S92,2
21,0.5155658,0.48443422,S92,2
22,0.012432435,0.98756754,S92,2
23,0.020811616,0.9791884,S92,2
24,0.40940613,0.5905939,S92,2
25,0.26437882,0.7356212,S92,2
26,0.7142717,0.28572825,S92,2
27,0.71815884,0.28184113,S92,2
28,0.5813002,0.41869977,S92,2
29,0.9996131,0.00038689462,S92,2
30,0.49763402,0.502366,S92,2
31,0.118947454,0.88105255,S92,2
32,0.9673127,0.032687288,S92,2
33,0.6199663,0.38003373,S92,2
34,0.00014079902,0.9998592,S92,2
35,0.9048029,0.09519708,S92,2
36,0.98480207,0.015197895,S92,2
37,0.8106186,0.18938139,S92,2
38,0.98469573,0.0153043065,S92,2
39,0.96450514,0.035494823,S92,2
40,0.9950955,0.0049045165,S92,2
41,0.0025733758,0.99742657,S92,2
42,0.017103327,0.9828966,S92,2
43,0.9944442,0.0055557783,S92,2
44,0.63535035,0.36464968,S92,2
45,0.97901523,0.020984713,S92,2
46,0.96579295,0.034207087,S92,2
47,0.017716415,0.98228365,S92,2
0,0.99985254,0.00014747563,S92,3
1,0.7621966,0.23780333,S92,3
2,0.9904152,0.009584824,S92,3
3,0.0005247856,0.9994752,S92,3
4,0.024172656,0.97582734,S92,3
5,0.99937755,0.00062250876,S92,3
6,0.99743384,0.0025661697,S92,3
7,0.99624914,0.0037508102,S92,3
8,0.9996325,0.00036754785,S92,3
9,0.2134703,0.78652966,S92,3
10,0.9995703,0.0004296569,S92,3
11,0.21438141,0.78561854,S92,3
12,0.014105528,0.98589444,S92,3
13,0.01635887,0.98364115,S92,3
14,0.8714574,0.12854263,S92,3
15,0.6419119,0.35808805,S92,3
16,0.0016736814,0.99832636,S92,3
17,0.97860146,0.021398554,S92,3
18,0.9523846,0.04761544,S92,3
19,0.027057892,0.9729422,S92,3
20,0.01111055,0.98888946,S92,3
21,0.002103599,0.99789643,S92,3
22,0.03300495,0.9669951,S92,3
23,0.98706996,0.012930055,S92,3
24,0.10768901,0.89231104,S92,3
25,0.93743974,0.06256026,S92,3
26,0.007264961,0.992735,S92,3
27,0.9999542,4.572172e-05,S92,3
28,0.9996228,0.000377145,S92,3
29,0.013179985,0.98682004,S92,3
30,0.00027860093,0.99972135,S92,3
31,0.9716006,0.028399453,S92,3
32,0.02645101,0.97354895,S92,3
33,0.9786115,0.021388467,S92,3
34,0.08415908,0.91584086,S92,3
35,0.16679792,0.8332021,S92,3
36,0.0003104483,0.9996896,S92,3
37,0.3503721,0.6496279,S92,3
38,0.01167785,0.9883222,S92,3
39,0.00063175446,0.99936825,S92,3
40,0.029845046,0.970155,S92,3
41,0.95139766,0.04860232,S92,3
42,0.116517365,0.8834826,S92,3
43,0.99683607,0.0031638516,S92,3
44,0.05752305,0.9424769,S92,3
45,0.17349337,0.8265067,S92,3
46,0.9237798,0.07622019,S92,3
47,0.0007749722,0.999225,S92,3
0,0.99985254,0.00014747563,S92,4
1,0.8051083,0.19489169,S92,4
2,0.9934989,0.006501063,S92,4
3,0.0008960756,0.99910384,S92,4
4,0.013151784,0.9868483,S92,4
5,0.9998147,0.00018527731,S92,4
6,0.9981724,0.0018276473,S92,4
7,0.9966214,0.003378638,S92,4
8,0.9996704,0.00032966962,S92,4
9,0.08215397,0.917846,S92,4
10,0.999845,0.00015496448,S92,4
11,0.018018436,0.9819816,S92,4
12,0.011401949,0.988598,S92,4
13,0.0017165779,0.9982835,S92,4
14,0.9005411,0.09945885,S92,4
15,0.58060735,0.41939265,S92,4
16,0.0038705254,0.9961295,S92,4
17,0.95186985,0.048130162,S92,4
18,0.9268458,0.073154174,S92,4
19,0.02778153,0.97221845,S92,4
20,0.005526418,0.9944735,S92,4
21,0.0026072431,0.9973928,S92,4
22,0.03229648,0.9677036,S92,4
23,0.9904006,0.009599419,S92,4
24,0.056317344,0.9436826,S92,4
25,0.9825164,0.017483598,S92,4
26,0.009766534,0.9902334,S92,4
27,0.99997747,2.2482922e-05,S92,4
28,0.99897504,0.0010250107,S92,4
29,0.027579067,0.972421,S92,4
30,0.00038569738,0.99961424,S92,4
31,0.97056973,0.029430218,S92,4
32,0.02126754,0.9787324,S92,4
33,0.9807233,0.019276727,S92,4
34,0.088185914,0.91181415,S92,4
35,0.10143245,0.89856756,S92,4
36,0.00034996565,0.99965,S92,4
37,0.35509658,0.6449034,S92,4
38,0.012388655,0.98761135,S92,4
39,0.00082438276,0.9991756,S92,4
40,0.03587768,0.96412235,S92,4
41,0.95797294,0.04202701,S92,4
42,0.11655031,0.8834497,S92,4
43,0.9953276,0.004672417,S92,4
44,0.13076258,0.8692374,S92,4
45,0.05704897,0.94295096,S92,4
46,0.9269896,0.073010355,S92,4
47,0.0006837636,0.9993162,S92,4
0,0.99999976,1.9358072e-07,S93,1
1,0.9979539,0.0020461008,S93,1
2,0.46408436,0.5359156,S93,1
3,0.99472636,0.005273687,S93,1
4,0.97864246,0.021357533,S93,1
5,0.5398236,0.46017644,S93,1
6,0.0141146425,0.9858854,S93,1
7,0.0038758565,0.9961241,S93,1
8,0.54166776,0.4583322,S93,1
9,0.024974253,0.9750258,S93,1
10,0.9974241,0.0025759046,S93,1
11,0.756898,0.24310197,S93,1
12,0.13984035,0.86015964,S93,1
13,0.11709167,0.8829083,S93,1
14,0.009420809,0.9905792,S93,1
15,0.9875623,0.0124377115,S93,1
16,0.030967044,0.96903294,S93,1
17,0.0062173964,0.9937826,S93,1
18,0.0030142015,0.99698585,S93,1
19,0.032721914,0.96727806,S93,1
20,0.8870209,0.112979166,S93,1
21,0.97543156,0.024568412,S93,1
22,0.0013720506,0.998628,S93,1
23,0.99999154,8.4539915e-06,S93,1
24,0.6891971,0.31080294,S93,1
25,0.99722135,0.0027786726,S93,1
26,0.29612213,0.70387787,S93,1
27,0.19532351,0.8046765,S93,1
28,0.9948841,0.005115918,S93,1
29,0.13078913,0.86921084,S93,1
30,0.74705684,0.25294316,S93,1
31,0.13658752,0.86341244,S93,1
32,0.010503365,0.98949665,S93,1
33,0.008762923,0.99123704,S93,1
34,0.47060934,0.5293907,S93,1
35,0.91888595,0.08111406,S93,1
36,0.19767453,0.8023255,S93,1
37,0.009182182,0.9908178,S93,1
38,0.8458678,0.15413217,S93,1
39,0.47567537,0.5243246,S93,1
40,0.9728511,0.02714891,S93,1
41,0.17055197,0.82944804,S93,1
42,0.968509,0.031490996,S93,1
43,0.0039864276,0.99601364,S93,1
44,0.9933476,0.006652434,S93,1
45,0.37453598,0.625464,S93,1
46,0.003952491,0.99604756,S93,1
47,0.033042807,0.9669572,S93,1
0,0.99999976,1.9358072e-07,S93,2
1,0.9980039,0.0019961542,S93,2
2,0.17767227,0.82232773,S93,2
3,0.9943124,0.005687655,S93,2
4,0.98170495,0.018295033,S93,2
5,0.8308109,0.16918911,S93,2
6,0.0040659993,0.995934,S93,2
7,0.0033380461,0.996662,S93,2
8,0.6588894,0.34111056,S93,2
9,0.028144756,0.9718552,S93,2
10,0.99876,0.001239976,S93,2
11,0.76467836,0.23532167,S93,2
12,0.3682102,0.6317898,S93,2
13,0.0023101117,0.99768996,S93,2
14,0.11119909,0.8888009,S93,2
15,0.98638994,0.013610077,S93,2
16,0.059988216,0.9400118,S93,2
17,0.009868406,0.9901316,S93,2
18,0.0016254213,0.9983746,S93,2
19,0.05290364,0.9470964,S93,2
20,0.9257693,0.07423066,S93,2
21,0.9851324,0.014867644,S93,2
22,0.0017300425,0.9982699,S93,2
23,0.999997,3.0221806e-06,S93,2
24,0.7026102,0.29738975,S93,2
25,0.99916744,0.00083261286,S93,2
26,0.30295175,0.6970483,S93,2
27,0.18082975,0.81917024,S93,2
28,0.99368674,0.0063132816,S93,2
29,0.101034395,0.89896566,S93,2
30,0.7134974,0.28650266,S93,2
31,0.13831006,0.86168987,S93,2
32,0.018724414,0.98127556,S93,2
33,0.006566999,0.993433,S93,2
34,0.27354282,0.7264572,S93,2
35,0.61388814,0.38611186,S93,2
36,0.3326218,0.66737825,S93,2
37,0.026311668,0.9736883,S93,2
38,0.7576553,0.24234475,S93,2
39,0.21180418,0.7881958,S93,2
40,0.9918143,0.008185641,S93,2
41,0.19968258,0.8003174,S93,2
42,0.89579636,0.10420363,S93,2
43,0.0008119778,0.999188,S93,2
44,0.9853312,0.014668858,S93,2
45,0.4885087,0.5114913,S93,2
46,0.012641496,0.9873585,S93,2
47,0.15619965,0.8438003,S93,2
0,0.99985254,0.00014747563,S93,3
1,0.3221378,0.67786217,S93,3
2,0.9849978,0.015002144,S93,3
3,0.051074967,0.948925,S93,3
4,0.014428881,0.98557115,S93,3
5,0.999185,0.0008149578,S93,3
6,0.982334,0.017665999,S93,3
7,0.03261339,0.9673866,S93,3
8,0.96408147,0.035918478,S93,3
9,0.999959,4.100165e-05,S93,3
10,0.98915756,0.010842432,S93,3
11,6.224783e-08,0.9999999,S93,3
12,0.013184048,0.986816,S93,3
13,0.9788017,0.021198234,S93,3
14,0.56804544,0.4319546,S93,3
15,0.98392534,0.016074652,S93,3
16,0.9983126,0.0016874744,S93,3
17,0.99992526,7.4738884e-05,S93,3
18,0.014861744,0.9851383,S93,3
19,0.9987602,0.0012397707,S93,3
20,0.9993717,0.0006282814,S93,3
21,0.18705718,0.8129428,S93,3
22,0.0053123413,0.9946877,S93,3
23,0.14190134,0.8580987,S93,3
24,0.14731821,0.85268176,S93,3
25,0.13478756,0.8652124,S93,3
26,0.105278246,0.89472175,S93,3
27,0.053712253,0.94628775,S93,3
28,0.9818793,0.018120717,S93,3
29,0.025362516,0.97463745,S93,3
30,0.06263136,0.9373687,S93,3
31,0.9901158,0.009884199,S93,3
32,0.60385716,0.39614284,S93,3
33,0.86659807,0.13340193,S93,3
34,0.31393364,0.6860663,S93,3
35,0.12510923,0.87489074,S93,3
36,0.9713263,0.028673679,S93,3
37,0.7190962,0.28090376,S93,3
38,0.62968296,0.37031704,S93,3
39,0.50466996,0.49533,S93,3
40,0.49171236,0.50828767,S93,3
41,0.86628425,0.13371578,S93,3
42,0.0029598132,0.9970402,S93,3
43,0.9975942,0.0024058463,S93,3
44,0.8266339,0.17336607,S93,3
45,0.7388125,0.2611875,S93,3
46,0.99411833,0.005881699,S93,3
47,0.0019125228,0.99808747,S93,3
0,0.99985254,0.00014747563,S93,4
1,0.29966864,0.70033133,S93,4
2,0.9924164,0.007583576,S93,4
3,0.029367719,0.9706323,S93,4
4,0.0056134854,0.99438655,S93,4
5,0.99661225,0.00338768,S93,4
6,0.9844802,0.015519835,S93,4
7,0.04776562,0.9522344,S93,4
8,0.9895285,0.010471477,S93,4
9,0.99992514,7.488099e-05,S93,4
10,0.99592847,0.0040714615,S93,4
11,3.5384296e-08,1.0,S93,4
12,0.015426739,0.9845733,S93,4
13,0.9707624,0.029237593,S93,4
14,0.7369732,0.26302674,S93,4
15,0.6544748,0.3455252,S93,4
16,0.9904909,0.009509111,S93,4
17,0.9999304,6.9554924e-05,S93,4
18,0.0041547697,0.99584526,S93,4
19,0.98589015,0.014109839,S93,4
20,0.9998136,0.0001863677,S93,4
21,0.09248747,0.9075125,S93,4
22,0.018701682,0.9812983,S93,4
23,0.089088984,0.910911,S93,4
24,0.12699251,0.8730074,S93,4
25,0.16494736,0.8350526,S93,4
26,0.18515706,0.814843,S93,4
27,0.03506512,0.9649348,S93,4
28,0.9843582,0.015641842,S93,4
29,0.025860447,0.9741396,S93,4
30,0.050224036,0.94977605,S93,4
31,0.9954466,0.004553314,S93,4
32,0.52556556,0.47443447,S93,4
33,0.61695814,0.38304195,S93,4
34,0.15755375,0.84244627,S93,4
35,0.17298993,0.8270101,S93,4
36,0.9772701,0.022729855,S93,4
37,0.8710796,0.12892045,S93,4
38,0.22709362,0.77290636,S93,4
39,0.21868968,0.7813103,S93,4
40,0.91330355,0.0866965,S93,4
41,0.6507838,0.3492162,S93,4
42,0.03156876,0.9684313,S93,4
43,0.9868596,0.013140326,S93,4
44,0.91366774,0.08633226,S93,4
45,0.50460964,0.49539027,S93,4
46,0.983914,0.016086,S93,4
47,0.020087505,0.9799125,S93,4
0,0.9999988,1.1870998e-06,S94,1
1,0.009059193,0.99094075,S94,1
2,0.9999082,9.1778864e-05,S94,1
3,0.09874809,0.901252,S94,1
4,0.8621754,0.13782457,S94,1
5,0.0466546,0.95334536,S94,1
6,0.36645687,0.63354313,S94,1
7,0.97836053,0.021639498,S94,1
8,0.9987907,0.0012093616,S94,1
9,0.032558173,0.96744186,S94,1
10,0.78746456,0.21253546,S94,1
11,0.29445732,0.7055427,S94,1
12,0.050963875,0.9490361,S94,1
13,0.00053408596,0.9994659,S94,1
14,0.053431757,0.94656825,S94,1
15,0.19977593,0.80022407,S94,1
16,0.16786845,0.8321315,S94,1
17,0.9932435,0.0067564803,S94,1
18,0.14018849,0.8598115,S94,1
19,0.7506839,0.24931613,S94,1
20,0.00079856976,0.9992015,S94,1
21,0.87421745,0.12578253,S94,1
22,0.99850047,0.0014995056,S94,1
23,0.9998865,0.000113516115,S94,1
24,0.9999908,9.138977e-06,S94,1
25,0.99964476,0.00035527363,S94,1
26,0.9982875,0.0017124938,S94,1
27,0.998898,0.0011019527,S94,1
28,0.99998164,1.8408153e-05,S94,1
29,0.9999528,4.722406e-05,S94,1
30,0.9999995,4.3144058e-07,S94,1
31,0.60500604,0.39499405,S94,1
32,0.97451484,0.025485195,S94,1
33,0.91805166,0.08194836,S94,1
34,0.9980248,0.0019752157,S94,1
35,0.0067541227,0.9932459,S94,1
36,0.99908245,0.0009175701,S94,1
37,0.97219163,0.027808422,S94,1
38,0.27486,0.72514,S94,1
39,0.03933201,0.960668,S94,1
40,0.061660774,0.93833923,S94,1
41,0.9579867,0.042013258,S94,1
42,0.5962421,0.403758,S94,1
43,0.99999917,8.609619e-07,S94,1
44,0.0009199029,0.99908006,S94,1
45,0.027205894,0.9727941,S94,1
46,0.004209583,0.9957904,S94,1
47,0.13114084,0.86885923,S94,1
0,0.9999988,1.1870998e-06,S94,2
1,0.009069871,0.99093014,S94,2
2,0.99996054,3.949197e-05,S94,2
3,0.056693222,0.94330674,S94,2
4,0.9233224,0.07667763,S94,2
5,0.04633477,0.9536652,S94,2
6,0.37728396,0.62271607,S94,2
7,0.976537,0.023463063,S94,2
8,0.9980506,0.0019493845,S94,2
9,0.04129539,0.95870465,S94,2
10,0.79948735,0.2005127,S94,2
11,0.16561335,0.83438665,S94,2
12,0.016753647,0.9832464,S94,2
13,0.00016723077,0.99983275,S94,2
14,0.026172638,0.9738273,S94,2
15,0.17137092,0.8286291,S94,2
16,0.08287923,0.91712075,S94,2
17,0.9929685,0.0070314505,S94,2
18,0.14141975,0.85858023,S94,2
19,0.85385466,0.14614534,S94,2
20,0.00043859187,0.99956137,S94,2
21,0.9484449,0.051555123,S94,2
22,0.998386,0.0016140308,S94,2
23,0.9997199,0.0002800064,S94,2
24,0.99999607,3.9208703e-06,S94,2
25,0.99969625,0.0003038279,S94,2
26,0.99847025,0.001529747,S94,2
27,0.9976292,0.0023707682,S94,2
28,0.9999852,1.4821355e-05,S94,2
29,0.9999474,5.254288e-05,S94,2
30,0.9999989,1.0373005e-06,S94,2
31,0.5588001,0.44119987,S94,2
32,0.97391754,0.026082499,S94,2
33,0.98357034,0.016429657,S94,2
34,0.9971934,0.0028066866,S94,2
35,0.006950588,0.9930494,S94,2
36,0.9961392,0.0038607973,S94,2
37,0.99084914,0.009150817,S94,2
38,0.09196431,0.9080357,S94,2
39,0.19222252,0.80777746,S94,2
40,0.13755155,0.8624484,S94,2
41,0.9589966,0.041003346,S94,2
42,0.6972999,0.30270004,S94,2
43,0.99999285,7.1832264e-06,S94,2
44,0.0024156177,0.99758434,S94,2
45,0.033304185,0.9666958,S94,2
46,0.0026458674,0.99735415,S94,2
47,0.03399721,0.9660028,S94,2
0,0.99999976,1.9358072e-07,S94,3
1,0.99342304,0.0065769576,S94,3
2,0.00056392926,0.9994361,S94,3
3,0.99839646,0.0016035349,S94,3
4,0.06466991,0.9353301,S94,3
5,0.9841135,0.015886549,S94,3
6,0.9735294,0.026470564,S94,3
7,0.99828976,0.0017102389,S94,3
8,0.9855481,0.014451859,S94,3
9,0.9995245,0.0004755548,S94,3
10,0.99933404,0.000665879,S94,3
11,0.99999774,2.274861e-06,S94,3
12,0.00070922484,0.9992907,S94,3
13,0.010242648,0.9897573,S94,3
14,0.075149536,0.9248504,S94,3
15,0.99938905,0.0006108979,S94,3
16,0.99280554,0.0071944897,S94,3
17,0.99228305,0.0077169565,S94,3
18,0.95438063,0.045619346,S94,3
19,0.00075288466,0.9992472,S94,3
20,0.0024565135,0.9975435,S94,3
21,0.12370754,0.8762924,S94,3
22,0.0257366,0.9742634,S94,3
23,0.007093093,0.9929069,S94,3
24,0.8209345,0.17906553,S94,3
25,0.030516284,0.9694837,S94,3
26,0.016403524,0.98359644,S94,3
27,0.6359108,0.3640892,S94,3
28,0.8666348,0.13336523,S94,3
29,0.9538878,0.0461122,S94,3
30,0.15395321,0.8460468,S94,3
31,0.7144515,0.2855485,S94,3
32,0.99493355,0.0050664283,S94,3
33,0.982263,0.017736938,S94,3
34,0.042724937,0.95727503,S94,3
35,0.006557536,0.9934424,S94,3
36,0.059970256,0.94002974,S94,3
37,0.030776886,0.96922314,S94,3
38,0.9425143,0.057485763,S94,3
39,0.056759767,0.9432402,S94,3
40,0.09654954,0.9034505,S94,3
41,0.0030149578,0.996985,S94,3
42,0.0003829815,0.999617,S94,3
43,0.00046352195,0.9995365,S94,3
44,0.8920697,0.107930295,S94,3
45,0.69910604,0.30089396,S94,3
46,0.9998909,0.0001091228,S94,3
47,0.23082784,0.7691722,S94,3
0,0.99999976,1.9358072e-07,S94,4
1,0.9957718,0.004228131,S94,4
2,0.0004692987,0.9995307,S94,4
3,0.99988663,0.00011334976,S94,4
4,0.0396129,0.9603871,S94,4
5,0.99127746,0.008722508,S94,4
6,0.99219304,0.007807012,S94,4
7,0.99941945,0.00058053504,S94,4
8,0.9828455,0.017154474,S94,4
9,0.9977519,0.0022481168,S94,4
10,0.99928147,0.00071855175,S94,4
11,0.9999908,9.1264e-06,S94,4
12,0.0006064655,0.9993936,S94,4
13,0.007175428,0.99282455,S94,4
14,0.0723574,0.9276426,S94,4
15,0.9988312,0.0011687663,S94,4
16,0.983529,0.01647108,S94,4
17,0.9679808,0.032019127,S94,4
18,0.9720544,0.027945532,S94,4
19,0.0008109606,0.9991891,S94,4
20,0.0011328453,0.99886715,S94,4
21,0.30470377,0.6952962,S94,4
22,0.0059407847,0.9940592,S94,4
23,0.0068138666,0.9931861,S94,4
24,0.9196513,0.0803487,S94,4
25,0.053887248,0.9461127,S94,4
26,0.021739833,0.9782601,S94,4
27,0.6956354,0.3043646,S94,4
28,0.90792775,0.09207221,S94,4
29,0.9796606,0.020339422,S94,4
30,0.25786716,0.74213284,S94,4
31,0.17838652,0.8216135,S94,4
32,0.99822825,0.0017717708,S94,4
33,0.97748715,0.022512797,S94,4
34,0.080620036,0.91938,S94,4
35,0.008650137,0.9913498,S94,4
36,0.043833174,0.9561668,S94,4
37,0.022546906,0.9774531,S94,4
38,0.9764075,0.023592517,S94,4
39,0.024140099,0.97585994,S94,4
40,0.09431604,0.905684,S94,4
41,0.009434659,0.9905654,S94,4
42,0.0003735439,0.9996264,S94,4
43,0.0014040158,0.998596,S94,4
44,0.88333994,0.116660036,S94,4
45,0.67988956,0.3201104,S94,4
46,0.99990773,9.2265975e-05,S94,4
47,0.3042889,0.69571114,S94,4
0,0.9999988,1.1870998e-06,S95,1
1,0.009059193,0.99094075,S95,1
2,0.9999082,9.1778864e-05,S95,1
3,0.09874809,0.901252,S95,1
4,0.8621754,0.13782457,S95,1
5,0.0466546,0.95334536,S95,1
6,0.36645687,0.63354313,S95,1
7,0.97836053,0.021639498,S95,1
8,0.9987907,0.0012093616,S95,1
9,0.032558173,0.96744186,S95,1
10,0.78746456,0.21253546,S95,1
11,0.29445732,0.7055427,S95,1
12,0.050963875,0.9490361,S95,1
13,0.00053408596,0.9994659,S95,1
14,0.053431757,0.94656825,S95,1
15,0.19977593,0.80022407,S95,1
16,0.16786845,0.8321315,S95,1
17,0.9932435,0.0067564803,S95,1
18,0.14018849,0.8598115,S95,1
19,0.7506839,0.24931613,S95,1
20,0.00079856976,0.9992015,S95,1
21,0.87421745,0.12578253,S95,1
22,0.99850047,0.0014995056,S95,1
23,0.9998865,0.000113516115,S95,1
24,0.9999908,9.138977e-06,S95,1
25,0.99964476,0.00035527363,S95,1
26,0.9982875,0.0017124938,S95,1
27,0.998898,0.0011019527,S95,1
28,0.99998164,1.8408153e-05,S95,1
29,0.9999528,4.722406e-05,S95,1
30,0.9999995,4.3144058e-07,S95,1
31,0.60500604,0.39499405,S95,1
32,0.97451484,0.025485195,S95,1
33,0.91805166,0.08194836,S95,1
34,0.9980248,0.0019752157,S95,1
35,0.0067541227,0.9932459,S95,1
36,0.99908245,0.0009175701,S95,1
37,0.97219163,0.027808422,S95,1
38,0.27486,0.72514,S95,1
39,0.03933201,0.960668,S95,1
40,0.061660774,0.93833923,S95,1
41,0.9579867,0.042013258,S95,1
42,0.5962421,0.403758,S95,1
43,0.99999917,8.609619e-07,S95,1
44,0.0009199029,0.99908006,S95,1
45,0.027205894,0.9727941,S95,1
46,0.004209583,0.9957904,S95,1
47,0.13114084,0.86885923,S95,1
0,0.9999988,1.1870998e-06,S95,2
1,0.009069871,0.99093014,S95,2
2,0.99996054,3.949197e-05,S95,2
3,0.056693222,0.94330674,S95,2
4,0.9233224,0.07667763,S95,2
5,0.04633477,0.9536652,S95,2
6,0.37728396,0.62271607,S95,2
7,0.976537,0.023463063,S95,2
8,0.9980506,0.0019493845,S95,2
9,0.04129539,0.95870465,S95,2
10,0.79948735,0.2005127,S95,2
11,0.16561335,0.83438665,S95,2
12,0.016753647,0.9832464,S95,2
13,0.00016723077,0.99983275,S95,2
14,0.026172638,0.9738273,S95,2
15,0.17137092,0.8286291,S95,2
16,0.08287923,0.91712075,S95,2
17,0.9929685,0.0070314505,S95,2
18,0.14141975,0.85858023,S95,2
19,0.85385466,0.14614534,S95,2
20,0.00043859187,0.99956137,S95,2
21,0.9484449,0.051555123,S95,2
22,0.998386,0.0016140308,S95,2
23,0.9997199,0.0002800064,S95,2
24,0.99999607,3.9208703e-06,S95,2
25,0.99969625,0.0003038279,S95,2
26,0.99847025,0.001529747,S95,2
27,0.9976292,0.0023707682,S95,2
28,0.9999852,1.4821355e-05,S95,2
29,0.9999474,5.254288e-05,S95,2
30,0.9999989,1.0373005e-06,S95,2
31,0.5588001,0.44119987,S95,2
32,0.97391754,0.026082499,S95,2
33,0.98357034,0.016429657,S95,2
34,0.9971934,0.0028066866,S95,2
35,0.006950588,0.9930494,S95,2
36,0.9961392,0.0038607973,S95,2
37,0.99084914,0.009150817,S95,2
38,0.09196431,0.9080357,S95,2
39,0.19222252,0.80777746,S95,2
40,0.13755155,0.8624484,S95,2
41,0.9589966,0.041003346,S95,2
42,0.6972999,0.30270004,S95,2
43,0.99999285,7.1832264e-06,S95,2
44,0.0024156177,0.99758434,S95,2
45,0.033304185,0.9666958,S95,2
46,0.0026458674,0.99735415,S95,2
47,0.03399721,0.9660028,S95,2
0,0.99999976,1.9358072e-07,S95,3
1,0.99342304,0.0065769576,S95,3
2,0.00056392926,0.9994361,S95,3
3,0.99839646,0.0016035349,S95,3
4,0.06466991,0.9353301,S95,3
5,0.9841135,0.015886549,S95,3
6,0.9735294,0.026470564,S95,3
7,0.99828976,0.0017102389,S95,3
8,0.9855481,0.014451859,S95,3
9,0.9995245,0.0004755548,S95,3
10,0.99933404,0.000665879,S95,3
11,0.99999774,2.274861e-06,S95,3
12,0.00070922484,0.9992907,S95,3
13,0.010242648,0.9897573,S95,3
14,0.075149536,0.9248504,S95,3
15,0.99938905,0.0006108979,S95,3
16,0.99280554,0.0071944897,S95,3
17,0.99228305,0.0077169565,S95,3
18,0.95438063,0.045619346,S95,3
19,0.00075288466,0.9992472,S95,3
20,0.0024565135,0.9975435,S95,3
21,0.12370754,0.8762924,S95,3
22,0.022364547,0.97763544,S95,3
23,0.9721857,0.027814291,S95,3
24,0.03413102,0.965869,S95,3
25,0.96553594,0.034464076,S95,3
26,0.7331514,0.26684862,S95,3
27,0.99995446,4.554548e-05,S95,3
28,0.016348094,0.9836519,S95,3
29,0.013509925,0.98649,S95,3
30,0.003366,0.99663407,S95,3
31,0.15499258,0.84500736,S95,3
32,0.824017,0.17598301,S95,3
33,0.9924569,0.0075431317,S95,3
34,0.02273379,0.97726625,S95,3
35,0.010798139,0.9892019,S95,3
36,0.7413015,0.25869858,S95,3
37,0.036243502,0.9637565,S95,3
38,0.76990193,0.23009808,S95,3
39,0.09284134,0.9071587,S95,3
40,0.031703398,0.9682966,S95,3
41,0.002119704,0.99788034,S95,3
42,0.0008742753,0.9991258,S95,3
43,0.0004204327,0.9995796,S95,3
44,0.82080907,0.17919092,S95,3
45,0.7345402,0.26545975,S95,3
46,0.9994985,0.00050146884,S95,3
47,0.35025898,0.64974093,S95,3
0,0.99999976,1.9358072e-07,S95,4
1,0.9957718,0.004228131,S95,4
2,0.0004692987,0.9995307,S95,4
3,0.99988663,0.00011334976,S95,4
4,0.0396129,0.9603871,S95,4
5,0.99127746,0.008722508,S95,4
6,0.99219304,0.007807012,S95,4
7,0.99941945,0.00058053504,S95,4
8,0.9828455,0.017154474,S95,4
9,0.9977519,0.0022481168,S95,4
10,0.99928147,0.00071855175,S95,4
11,0.9999908,9.1264e-06,S95,4
12,0.0006064655,0.9993936,S95,4
13,0.007175428,0.99282455,S95,4
14,0.0723574,0.9276426,S95,4
15,0.9988312,0.0011687663,S95,4
16,0.983529,0.01647108,S95,4
17,0.9679808,0.032019127,S95,4
18,0.9720544,0.027945532,S95,4
19,0.0008109606,0.9991891,S95,4
20,0.0011328453,0.99886715,S95,4
21,0.30470377,0.6952962,S95,4
22,0.032894406,0.96710557,S95,4
23,0.98297924,0.017020809,S95,4
24,0.0493833,0.9506167,S95,4
25,0.9775882,0.022411851,S95,4
26,0.750151,0.24984908,S95,4
27,0.9999702,2.9834962e-05,S95,4
28,0.020225862,0.9797742,S95,4
29,0.020375233,0.97962475,S95,4
30,0.0038779506,0.99612206,S95,4
31,0.19900456,0.8009954,S95,4
32,0.8755924,0.12440761,S95,4
33,0.9905178,0.0094822645,S95,4
34,0.012007882,0.9879921,S95,4
35,0.0053789318,0.99462104,S95,4
36,0.6522376,0.34776235,S95,4
37,0.035025455,0.9649746,S95,4
38,0.788455,0.21154496,S95,4
39,0.0956062,0.9043938,S95,4
40,0.037551947,0.96244806,S95,4
41,0.003281189,0.9967188,S95,4
42,0.0011940866,0.9988059,S95,4
43,0.00042135068,0.99957865,S95,4
44,0.8639916,0.13600834,S95,4
45,0.7900027,0.20999734,S95,4
46,0.9996369,0.00036309715,S95,4
47,0.44205377,0.55794626,S95,4
0,0.99999976,2.620971e-07,S96,1
1,0.0054817023,0.99451834,S96,1
2,0.49682662,0.50317335,S96,1
3,0.013195418,0.9868046,S96,1
4,0.40500054,0.59499943,S96,1
5,0.99450845,0.005491555,S96,1
6,0.9891549,0.010845143,S96,1
7,0.9117454,0.08825458,S96,1
8,0.9959836,0.004016387,S96,1
9,9.1519905e-05,0.99990845,S96,1
10,0.94708204,0.052917887,S96,1
11,0.001968942,0.9980311,S96,1
12,0.97187626,0.028123792,S96,1
13,0.038608782,0.96139127,S96,1
14,0.9892757,0.010724239,S96,1
15,0.9576292,0.0423708,S96,1
16,0.9994733,0.00052677555,S96,1
17,0.0019108342,0.99808913,S96,1
18,0.08216297,0.917837,S96,1
19,0.0032117164,0.99678826,S96,1
20,0.02299978,0.97700024,S96,1
21,0.038685884,0.96131414,S96,1
22,0.6769781,0.32302183,S96,1
23,0.025409613,0.97459036,S96,1
24,0.96307945,0.036920507,S96,1
25,0.010478975,0.989521,S96,1
26,0.99585366,0.0041464013,S96,1
27,0.8393396,0.16066033,S96,1
28,0.03937474,0.96062523,S96,1
29,0.9996636,0.00033646842,S96,1
30,0.002424431,0.9975756,S96,1
31,0.97659916,0.023400834,S96,1
32,0.08057268,0.9194273,S96,1
33,0.9346979,0.06530214,S96,1
34,0.06803628,0.9319637,S96,1
35,0.9630148,0.036985178,S96,1
36,0.14900795,0.850992,S96,1
37,0.061672278,0.9383278,S96,1
38,0.90251803,0.09748198,S96,1
39,0.92423975,0.07576026,S96,1
40,0.9747609,0.025239104,S96,1
41,0.025975287,0.9740248,S96,1
42,0.00925076,0.9907492,S96,1
43,0.99673116,0.003268877,S96,1
44,0.41125283,0.5887472,S96,1
45,0.9893316,0.010668347,S96,1
46,0.94914585,0.050854154,S96,1
47,0.026859501,0.9731405,S96,1
0,0.99999976,2.620971e-07,S96,2
1,0.007451363,0.99254864,S96,2
2,0.47162205,0.52837795,S96,2
3,0.020697568,0.97930247,S96,2
4,0.28763878,0.7123613,S96,2
5,0.99406475,0.005935271,S96,2
6,0.98363423,0.01636573,S96,2
7,0.877478,0.12252198,S96,2
8,0.98945576,0.010544239,S96,2
9,8.937609e-05,0.9999106,S96,2
10,0.93529075,0.064709224,S96,2
11,0.0046516317,0.9953484,S96,2
12,0.98432887,0.015671171,S96,2
13,0.03073842,0.9692616,S96,2
14,0.99402606,0.005973879,S96,2
15,0.9723456,0.027654411,S96,2
16,0.9992513,0.0007486705,S96,2
17,0.0018153033,0.9981846,S96,2
18,0.13454826,0.8654517,S96,2
19,0.0051901997,0.99480975,S96,2
20,0.031499334,0.9685006,S96,2
21,0.041794337,0.9582057,S96,2
22,0.5851037,0.41489634,S96,2
23,0.020337684,0.9796623,S96,2
24,0.970226,0.029774025,S96,2
25,0.0065716137,0.9934284,S96,2
26,0.9993048,0.00069524837,S96,2
27,0.8760556,0.123944424,S96,2
28,0.035622682,0.9643773,S96,2
29,0.999585,0.00041507572,S96,2
30,0.002968216,0.9970318,S96,2
31,0.97441274,0.02558727,S96,2
32,0.11603102,0.88396895,S96,2
33,0.94375163,0.05624838,S96,2
34,0.015216349,0.9847837,S96,2
35,0.9557225,0.044277437,S96,2
36,0.1228276,0.87717247,S96,2
37,0.041155506,0.9588445,S96,2
38,0.8499786,0.15002137,S96,2
39,0.9166111,0.083388925,S96,2
40,0.96452314,0.035476867,S96,2
41,0.024966149,0.9750338,S96,2
42,0.0101694185,0.98983055,S96,2
43,0.996307,0.0036929494,S96,2
44,0.45818403,0.541816,S96,2
45,0.9949758,0.0050242143,S96,2
46,0.9523078,0.04769218,S96,2
47,0.031681675,0.9683183,S96,2
0,0.99985254,0.00014747563,S96,3
1,0.7621966,0.23780333,S96,3
2,0.9904152,0.009584824,S96,3
3,0.0005247856,0.9994752,S96,3
4,0.024172656,0.97582734,S96,3
5,0.99937755,0.00062250876,S96,3
6,0.99743384,0.0025661697,S96,3
7,0.99624914,0.0037508102,S96,3
8,0.9996325,0.00036754785,S96,3
9,0.2134703,0.78652966,S96,3
10,0.9995703,0.0004296569,S96,3
11,0.21438141,0.78561854,S96,3
12,0.014105528,0.98589444,S96,3
13,0.01635887,0.98364115,S96,3
14,0.8714574,0.12854263,S96,3
15,0.6419119,0.35808805,S96,3
16,0.0016736814,0.99832636,S96,3
17,0.97860146,0.021398554,S96,3
18,0.9523846,0.04761544,S96,3
19,0.027057892,0.9729422,S96,3
20,0.01111055,0.98888946,S96,3
21,0.002103599,0.99789643,S96,3
22,0.03300495,0.9669951,S96,3
23,0.98706996,0.012930055,S96,3
24,0.10768901,0.89231104,S96,3
25,0.93743974,0.06256026,S96,3
26,0.007264961,0.992735,S96,3
27,0.9999542,4.572172e-05,S96,3
28,0.9996228,0.000377145,S96,3
29,0.013179985,0.98682004,S96,3
30,0.00027860093,0.99972135,S96,3
31,0.9716006,0.028399453,S96,3
32,0.02645101,0.97354895,S96,3
33,0.9786115,0.021388467,S96,3
34,0.08415908,0.91584086,S96,3
35,0.16679792,0.8332021,S96,3
36,0.0003104483,0.9996896,S96,3
37,0.3503721,0.6496279,S96,3
38,0.01167785,0.9883222,S96,3
39,0.00063175446,0.99936825,S96,3
40,0.029845046,0.970155,S96,3
41,0.95139766,0.04860232,S96,3
42,0.116517365,0.8834826,S96,3
43,0.99683607,0.0031638516,S96,3
44,0.05752305,0.9424769,S96,3
45,0.17349337,0.8265067,S96,3
46,0.9237798,0.07622019,S96,3
47,0.0007749722,0.999225,S96,3
0,0.99985254,0.00014747563,S96,4
1,0.8051083,0.19489169,S96,4
2,0.9934989,0.006501063,S96,4
3,0.0008960756,0.99910384,S96,4
4,0.013151784,0.9868483,S96,4
5,0.9998147,0.00018527731,S96,4
6,0.9981724,0.0018276473,S96,4
7,0.9966214,0.003378638,S96,4
8,0.9996704,0.00032966962,S96,4
9,0.08215397,0.917846,S96,4
10,0.999845,0.00015496448,S96,4
11,0.018018436,0.9819816,S96,4
12,0.011401949,0.988598,S96,4
13,0.0017165779,0.9982835,S96,4
14,0.9005411,0.09945885,S96,4
15,0.58060735,0.41939265,S96,4
16,0.0038705254,0.9961295,S96,4
17,0.95186985,0.048130162,S96,4
18,0.9268458,0.073154174,S96,4
19,0.02778153,0.97221845,S96,4
20,0.005526418,0.9944735,S96,4
21,0.0026072431,0.9973928,S96,4
22,0.03229648,0.9677036,S96,4
23,0.9904006,0.009599419,S96,4
24,0.056317344,0.9436826,S96,4
25,0.9825164,0.017483598,S96,4
26,0.009766534,0.9902334,S96,4
27,0.99997747,2.2482922e-05,S96,4
28,0.99897504,0.0010250107,S96,4
29,0.027579067,0.972421,S96,4
30,0.00038569738,0.99961424,S96,4
31,0.97056973,0.029430218,S96,4
32,0.02126754,0.9787324,S96,4
33,0.9807233,0.019276727,S96,4
34,0.088185914,0.91181415,S96,4
35,0.10143245,0.89856756,S96,4
36,0.00034996565,0.99965,S96,4
37,0.35509658,0.6449034,S96,4
38,0.012388655,0.98761135,S96,4
39,0.00082438276,0.9991756,S96,4
40,0.03587768,0.96412235,S96,4
41,0.95797294,0.04202701,S96,4
42,0.11655031,0.8834497,S96,4
43,0.9953276,0.004672417,S96,4
44,0.13076258,0.8692374,S96,4
45,0.05704897,0.94295096,S96,4
46,0.9269896,0.073010355,S96,4
47,0.0006837636,0.9993162,S96,4
0,0.9999988,1.1870998e-06,S97,1
1,0.009059193,0.99094075,S97,1
2,0.9999082,9.1778864e-05,S97,1
3,0.09874809,0.901252,S97,1
4,0.8621754,0.13782457,S97,1
5,0.87775296,0.122247055,S97,1
6,0.5860513,0.41394874,S97,1
7,0.99935395,0.0006460524,S97,1
8,0.9925087,0.0074912873,S97,1
9,0.011692128,0.9883079,S97,1
10,0.9734725,0.026527481,S97,1
11,0.36767533,0.63232464,S97,1
12,0.09335818,0.9066418,S97,1
13,0.0008910019,0.99910897,S97,1
14,0.13545023,0.86454976,S97,1
15,0.0763215,0.9236785,S97,1
16,0.15150304,0.8484969,S97,1
17,0.9932805,0.0067195767,S97,1
18,0.21715009,0.7828499,S97,1
19,0.6278854,0.37211463,S97,1
20,0.001380563,0.99861944,S97,1
21,0.7946292,0.20537083,S97,1
22,0.99767107,0.0023288766,S97,1
23,0.99988854,0.00011147659,S97,1
24,0.99999,9.980382e-06,S97,1
25,0.9996673,0.00033268292,S97,1
26,0.9971205,0.0028795074,S97,1
27,0.9992229,0.00077711197,S97,1
28,0.9999789,2.11178e-05,S97,1
29,0.99995387,4.612163e-05,S97,1
30,0.9999995,4.3988288e-07,S97,1
31,0.60706514,0.39293492,S97,1
32,0.9999963,3.6378096e-06,S97,1
33,0.14058508,0.85941494,S97,1
34,0.9997843,0.00021566874,S97,1
35,0.8810472,0.11895285,S97,1
36,0.9996145,0.0003854807,S97,1
37,0.8553979,0.14460209,S97,1
38,0.048404407,0.95159554,S97,1
39,0.6734456,0.3265544,S97,1
40,0.0021332116,0.9978668,S97,1
41,0.9265072,0.07349288,S97,1
42,0.3193726,0.68062747,S97,1
43,0.3919482,0.60805184,S97,1
44,0.042201288,0.9577987,S97,1
45,0.873116,0.12688397,S97,1
46,0.8663757,0.13362432,S97,1
47,0.019180976,0.98081905,S97,1
0,0.9999988,1.1870998e-06,S97,2
1,0.009069871,0.99093014,S97,2
2,0.99996054,3.949197e-05,S97,2
3,0.056693222,0.94330674,S97,2
4,0.9233224,0.07667763,S97,2
5,0.9162458,0.083754204,S97,2
6,0.605894,0.394106,S97,2
7,0.9996748,0.00032516537,S97,2
8,0.9979498,0.0020502214,S97,2
9,0.0049146498,0.9950853,S97,2
10,0.97735256,0.022647519,S97,2
11,0.31339842,0.6866016,S97,2
12,0.026290921,0.9737091,S97,2
13,0.00044486017,0.9995552,S97,2
14,0.06790351,0.9320964,S97,2
15,0.11204793,0.88795215,S97,2
16,0.10078165,0.8992183,S97,2
17,0.99397355,0.0060264436,S97,2
18,0.19880894,0.80119103,S97,2
19,0.80504876,0.19495127,S97,2
20,0.0005561278,0.9994438,S97,2
21,0.9285233,0.07147673,S97,2
22,0.99835783,0.0016421675,S97,2
23,0.99977726,0.00022273936,S97,2
24,0.99999547,4.475496e-06,S97,2
25,0.9996879,0.00031211195,S97,2
26,0.9982844,0.0017155322,S97,2
27,0.99793965,0.0020603843,S97,2
28,0.9999846,1.5391492e-05,S97,2
29,0.9999454,5.4637243e-05,S97,2
30,0.9999989,1.0650617e-06,S97,2
31,0.559261,0.44073898,S97,2
32,0.99999154,8.498849e-06,S97,2
33,0.14024189,0.8597581,S97,2
34,0.99847907,0.0015209024,S97,2
35,0.88567054,0.11432952,S97,2
36,0.9991365,0.00086348684,S97,2
37,0.8955396,0.10446044,S97,2
38,0.055835985,0.944164,S97,2
39,0.37625796,0.62374204,S97,2
40,0.002430663,0.99756926,S97,2
41,0.9298608,0.070139185,S97,2
42,0.24481466,0.75518537,S97,2
43,0.63869935,0.36130068,S97,2
44,0.051040363,0.94895965,S97,2
45,0.8349351,0.16506495,S97,2
46,0.95637673,0.043623295,S97,2
47,0.025389854,0.97461015,S97,2
0,0.99999976,1.9358072e-07,S97,3
1,0.99342304,0.0065769576,S97,3
2,0.00056392926,0.9994361,S97,3
3,0.99839646,0.0016035349,S97,3
4,0.06466991,0.9353301,S97,3
5,0.9841135,0.015886549,S97,3
6,0.9735294,0.026470564,S97,3
7,0.99828976,0.0017102389,S97,3
8,0.9855481,0.014451859,S97,3
9,0.9995245,0.0004755548,S97,3
10,0.99933404,0.000665879,S97,3
11,0.99999774,2.274861e-06,S97,3
12,0.00070922484,0.9992907,S97,3
13,0.010242648,0.9897573,S97,3
14,0.075149536,0.9248504,S97,3
15,0.99938905,0.0006108979,S97,3
16,0.99280554,0.0071944897,S97,3
17,0.99228305,0.0077169565,S97,3
18,0.95438063,0.045619346,S97,3
19,0.00075288466,0.9992472,S97,3
20,0.0024565135,0.9975435,S97,3
21,0.12370754,0.8762924,S97,3
22,0.0257366,0.9742634,S97,3
23,0.013084989,0.98691505,S97,3
24,0.0062761568,0.9937238,S97,3
25,0.013624231,0.98637575,S97,3
26,0.04828166,0.95171833,S97,3
27,0.6199546,0.3800454,S97,3
28,0.8653455,0.13465449,S97,3
29,0.9157431,0.084256835,S97,3
30,0.57690555,0.42309445,S97,3
31,0.9989317,0.0010683103,S97,3
32,0.17201954,0.82798046,S97,3
33,0.54616994,0.45383003,S97,3
34,0.52670914,0.47329083,S97,3
35,0.053089444,0.94691056,S97,3
36,0.014182643,0.9858174,S97,3
37,0.21093272,0.78906727,S97,3
38,0.6879403,0.3120597,S97,3
39,0.051932286,0.94806767,S97,3
40,0.03499454,0.96500546,S97,3
41,0.00017191659,0.9998281,S97,3
42,0.00040861632,0.9995914,S97,3
43,0.0005576743,0.9994423,S97,3
44,0.88127524,0.118724704,S97,3
45,0.57613933,0.4238607,S97,3
46,0.0036119286,0.9963881,S97,3
47,0.9946576,0.0053423787,S97,3
0,0.99999976,1.9358072e-07,S97,4
1,0.9957718,0.004228131,S97,4
2,0.0004692987,0.9995307,S97,4
3,0.99988663,0.00011334976,S97,4
4,0.0396129,0.9603871,S97,4
5,0.99127746,0.008722508,S97,4
6,0.99219304,0.007807012,S97,4
7,0.99941945,0.00058053504,S97,4
8,0.9828455,0.017154474,S97,4
9,0.9977519,0.0022481168,S97,4
10,0.99928147,0.00071855175,S97,4
11,0.9999908,9.1264e-06,S97,4
12,0.0006064655,0.9993936,S97,4
13,0.007175428,0.99282455,S97,4
14,0.0723574,0.9276426,S97,4
15,0.9988312,0.0011687663,S97,4
16,0.983529,0.01647108,S97,4
17,0.9679808,0.032019127,S97,4
18,0.9720544,0.027945532,S97,4
19,0.0008109606,0.9991891,S97,4
20,0.0011328453,0.99886715,S97,4
21,0.30470377,0.6952962,S97,4
22,0.0059407847,0.9940592,S97,4
23,0.028983539,0.9710164,S97,4
24,0.012146175,0.9878539,S97,4
25,0.032062385,0.9679376,S97,4
26,0.07261939,0.92738056,S97,4
27,0.6770857,0.32291427,S97,4
28,0.8773709,0.12262915,S97,4
29,0.9330237,0.06697626,S97,4
30,0.39936432,0.60063565,S97,4
31,0.9984863,0.0015137057,S97,4
32,0.22184384,0.77815616,S97,4
33,0.8047153,0.19528477,S97,4
34,0.06101612,0.9389839,S97,4
35,0.14041997,0.85958004,S97,4
36,0.016859727,0.9831403,S97,4
37,0.23983532,0.7601647,S97,4
38,0.747892,0.25210804,S97,4
39,0.05047533,0.9495247,S97,4
40,0.032636743,0.9673633,S97,4
41,0.00017799123,0.9998221,S97,4
42,0.00039606346,0.9996039,S97,4
43,0.0005141233,0.99948585,S97,4
44,0.91533625,0.08466376,S97,4
45,0.63663995,0.36336005,S97,4
46,0.0017395888,0.99826044,S97,4
47,0.99680954,0.0031904792,S97,4
0,0.9999988,1.1870998e-06,S98,1
1,0.009059193,0.99094075,S98,1
2,0.9999082,9.1778864e-05,S98,1
3,0.09874809,0.901252,S98,1
4,0.8621754,0.13782457,S98,1
5,0.0466546,0.95334536,S98,1
6,0.36645687,0.63354313,S98,1
7,0.97836053,0.021639498,S98,1
8,0.9987907,0.0012093616,S98,1
9,0.032558173,0.96744186,S98,1
10,0.78746456,0.21253546,S98,1
11,0.29445732,0.7055427,S98,1
12,0.050963875,0.9490361,S98,1
13,0.00053408596,0.9994659,S98,1
14,0.053431757,0.94656825,S98,1
15,0.19977593,0.80022407,S98,1
16,0.16786845,0.8321315,S98,1
17,0.9932435,0.0067564803,S98,1
18,0.14018849,0.8598115,S98,1
19,0.7506839,0.24931613,S98,1
20,0.00079856976,0.9992015,S98,1
21,0.87421745,0.12578253,S98,1
22,0.99850047,0.0014995056,S98,1
23,0.9998865,0.000113516115,S98,1
24,0.9999908,9.138977e-06,S98,1
25,0.99964476,0.00035527363,S98,1
26,0.9982875,0.0017124938,S98,1
27,0.998898,0.0011019527,S98,1
28,0.99998164,1.8408153e-05,S98,1
29,0.9999528,4.722406e-05,S98,1
30,0.9999995,4.3144058e-07,S98,1
31,0.60500604,0.39499405,S98,1
32,0.97451484,0.025485195,S98,1
33,0.91805166,0.08194836,S98,1
34,0.9980248,0.0019752157,S98,1
35,0.0067541227,0.9932459,S98,1
36,0.99908245,0.0009175701,S98,1
37,0.97219163,0.027808422,S98,1
38,0.27486,0.72514,S98,1
39,0.03933201,0.960668,S98,1
40,0.061660774,0.93833923,S98,1
41,0.9579867,0.042013258,S98,1
42,0.5962421,0.403758,S98,1
43,0.99999917,8.609619e-07,S98,1
44,0.0009199029,0.99908006,S98,1
45,0.027205894,0.9727941,S98,1
46,0.004209583,0.9957904,S98,1
47,0.13114084,0.86885923,S98,1
0,0.9999988,1.1870998e-06,S98,2
1,0.009069871,0.99093014,S98,2
2,0.99996054,3.949197e-05,S98,2
3,0.056693222,0.94330674,S98,2
4,0.9233224,0.07667763,S98,2
5,0.04633477,0.9536652,S98,2
6,0.37728396,0.62271607,S98,2
7,0.976537,0.023463063,S98,2
8,0.9980506,0.0019493845,S98,2
9,0.04129539,0.95870465,S98,2
10,0.79948735,0.2005127,S98,2
11,0.16561335,0.83438665,S98,2
12,0.016753647,0.9832464,S98,2
13,0.00016723077,0.99983275,S98,2
14,0.026172638,0.9738273,S98,2
15,0.17137092,0.8286291,S98,2
16,0.08287923,0.91712075,S98,2
17,0.9929685,0.0070314505,S98,2
18,0.14141975,0.85858023,S98,2
19,0.85385466,0.14614534,S98,2
20,0.00043859187,0.99956137,S98,2
21,0.9484449,0.051555123,S98,2
22,0.998386,0.0016140308,S98,2
23,0.9997199,0.0002800064,S98,2
24,0.99999607,3.9208703e-06,S98,2
25,0.99969625,0.0003038279,S98,2
26,0.99847025,0.001529747,S98,2
27,0.9976292,0.0023707682,S98,2
28,0.9999852,1.4821355e-05,S98,2
29,0.9999474,5.254288e-05,S98,2
30,0.9999989,1.0373005e-06,S98,2
31,0.5588001,0.44119987,S98,2
32,0.97391754,0.026082499,S98,2
33,0.98357034,0.016429657,S98,2
34,0.9971934,0.0028066866,S98,2
35,0.006950588,0.9930494,S98,2
36,0.9961392,0.0038607973,S98,2
37,0.99084914,0.009150817,S98,2
38,0.09196431,0.9080357,S98,2
39,0.19222252,0.80777746,S98,2
40,0.13755155,0.8624484,S98,2
41,0.9589966,0.041003346,S98,2
42,0.6972999,0.30270004,S98,2
43,0.99999285,7.1832264e-06,S98,2
44,0.0024156177,0.99758434,S98,2
45,0.033304185,0.9666958,S98,2
46,0.0026458674,0.99735415,S98,2
47,0.03399721,0.9660028,S98,2
0,0.99999976,1.9358072e-07,S98,3
1,0.99342304,0.0065769576,S98,3
2,0.00056392926,0.9994361,S98,3
3,0.99839646,0.0016035349,S98,3
4,0.06466991,0.9353301,S98,3
5,0.9841135,0.015886549,S98,3
6,0.9735294,0.026470564,S98,3
7,0.99828976,0.0017102389,S98,3
8,0.9855481,0.014451859,S98,3
9,0.9995245,0.0004755548,S98,3
10,0.99933404,0.000665879,S98,3
11,0.99999774,2.274861e-06,S98,3
12,0.00070922484,0.9992907,S98,3
13,0.010242648,0.9897573,S98,3
14,0.075149536,0.9248504,S98,3
15,0.99938905,0.0006108979,S98,3
16,0.99280554,0.0071944897,S98,3
17,0.99228305,0.0077169565,S98,3
18,0.95438063,0.045619346,S98,3
19,0.00075288466,0.9992472,S98,3
20,0.0024565135,0.9975435,S98,3
21,0.12370754,0.8762924,S98,3
22,0.022364547,0.97763544,S98,3
23,0.9721857,0.027814291,S98,3
24,0.03413102,0.965869,S98,3
25,0.96553594,0.034464076,S98,3
26,0.7331514,0.26684862,S98,3
27,0.99995446,4.554548e-05,S98,3
28,0.016348094,0.9836519,S98,3
29,0.013509925,0.98649,S98,3
30,0.003366,0.99663407,S98,3
31,0.15499258,0.84500736,S98,3
32,0.824017,0.17598301,S98,3
33,0.9924569,0.0075431317,S98,3
34,0.02273379,0.97726625,S98,3
35,0.010798139,0.9892019,S98,3
36,0.7413015,0.25869858,S98,3
37,0.036243502,0.9637565,S98,3
38,0.76990193,0.23009808,S98,3
39,0.09284134,0.9071587,S98,3
40,0.031703398,0.9682966,S98,3
41,0.002119704,0.99788034,S98,3
42,0.0008742753,0.9991258,S98,3
43,0.0004204327,0.9995796,S98,3
44,0.82080907,0.17919092,S98,3
45,0.7345402,0.26545975,S98,3
46,0.9994985,0.00050146884,S98,3
47,0.35025898,0.64974093,S98,3
0,0.99999976,1.9358072e-07,S98,4
1,0.9957718,0.004228131,S98,4
2,0.0004692987,0.9995307,S98,4
3,0.99988663,0.00011334976,S98,4
4,0.0396129,0.9603871,S98,4
5,0.99127746,0.008722508,S98,4
6,0.99219304,0.007807012,S98,4
7,0.99941945,0.00058053504,S98,4
8,0.9828455,0.017154474,S98,4
9,0.9977519,0.0022481168,S98,4
10,0.99928147,0.00071855175,S98,4
11,0.9999908,9.1264e-06,S98,4
12,0.0006064655,0.9993936,S98,4
13,0.007175428,0.99282455,S98,4
14,0.0723574,0.9276426,S98,4
15,0.9988312,0.0011687663,S98,4
16,0.983529,0.01647108,S98,4
17,0.9679808,0.032019127,S98,4
18,0.9720544,0.027945532,S98,4
19,0.0008109606,0.9991891,S98,4
20,0.0011328453,0.99886715,S98,4
21,0.30470377,0.6952962,S98,4
22,0.032894406,0.96710557,S98,4
23,0.98297924,0.017020809,S98,4
24,0.0493833,0.9506167,S98,4
25,0.9775882,0.022411851,S98,4
26,0.750151,0.24984908,S98,4
27,0.9999702,2.9834962e-05,S98,4
28,0.020225862,0.9797742,S98,4
29,0.020375233,0.97962475,S98,4
30,0.0038779506,0.99612206,S98,4
31,0.19900456,0.8009954,S98,4
32,0.8755924,0.12440761,S98,4
33,0.9905178,0.0094822645,S98,4
34,0.012007882,0.9879921,S98,4
35,0.0053789318,0.99462104,S98,4
36,0.6522376,0.34776235,S98,4
37,0.035025455,0.9649746,S98,4
38,0.788455,0.21154496,S98,4
39,0.0956062,0.9043938,S98,4
40,0.037551947,0.96244806,S98,4
41,0.003281189,0.9967188,S98,4
42,0.0011940866,0.9988059,S98,4
43,0.00042135068,0.99957865,S98,4
44,0.8639916,0.13600834,S98,4
45,0.7900027,0.20999734,S98,4
46,0.9996369,0.00036309715,S98,4
47,0.44205377,0.55794626,S98,4
0,0.99985254,0.00014747563,S99,1
1,0.9447743,0.055225614,S99,1
2,0.9909072,0.009092763,S99,1
3,0.9977507,0.002249286,S99,1
4,0.9913037,0.008696319,S99,1
5,0.20934677,0.7906532,S99,1
6,0.035444565,0.9645554,S99,1
7,0.016129483,0.9838705,S99,1
8,0.99761605,0.0023839888,S99,1
9,0.98337734,0.016622616,S99,1
10,0.0048949057,0.99510515,S99,1
11,0.0008250621,0.9991749,S99,1
12,0.03437195,0.9656281,S99,1
13,0.0007203855,0.9992797,S99,1
14,0.9951953,0.004804656,S99,1
15,0.041120958,0.9588791,S99,1
16,0.9999924,7.6032998e-06,S99,1
17,0.063605174,0.9363949,S99,1
18,0.99894303,0.0010569894,S99,1
19,0.99946064,0.00053934776,S99,1
20,0.025783293,0.9742167,S99,1
21,0.0036749316,0.9963251,S99,1
22,0.9994429,0.0005570931,S99,1
23,0.9875808,0.012419223,S99,1
24,0.69278693,0.3072131,S99,1
25,0.00048160864,0.9995184,S99,1
26,0.00011812042,0.99988186,S99,1
27,0.026606727,0.9733933,S99,1
28,0.015858691,0.9841413,S99,1
29,0.9964629,0.003537182,S99,1
30,0.35695675,0.6430433,S99,1
31,0.99765635,0.0023436565,S99,1
32,0.05817644,0.9418236,S99,1
33,0.9839394,0.016060553,S99,1
34,0.10897153,0.89102846,S99,1
35,0.9928854,0.0071146083,S99,1
36,0.006371943,0.993628,S99,1
37,0.901482,0.098518014,S99,1
38,0.055141408,0.9448586,S99,1
39,0.7617091,0.23829092,S99,1
40,0.087504774,0.91249526,S99,1
41,0.9966408,0.003359165,S99,1
42,0.9462033,0.05379669,S99,1
43,0.36202887,0.6379711,S99,1
44,0.9731644,0.026835566,S99,1
45,0.9626626,0.037337374,S99,1
46,0.7935396,0.2064604,S99,1
47,0.24450912,0.7554909,S99,1
0,0.99985254,0.00014747563,S99,2
1,0.96926975,0.030730253,S99,2
2,0.9826826,0.017317468,S99,2
3,0.9987264,0.001273574,S99,2
4,0.9940321,0.0059679216,S99,2
5,0.16976054,0.8302394,S99,2
6,0.016384464,0.9836156,S99,2
7,0.011547585,0.9884524,S99,2
8,0.99784636,0.0021536169,S99,2
9,0.9809296,0.01907035,S99,2
10,0.0025320384,0.997468,S99,2
11,0.0011356961,0.9988643,S99,2
12,0.03770219,0.9622978,S99,2
13,0.00073517964,0.9992648,S99,2
14,0.9963218,0.0036781977,S99,2
15,0.053564455,0.9464355,S99,2
16,0.9999883,1.1697364e-05,S99,2
17,0.06600958,0.9339904,S99,2
18,0.9993042,0.00069581973,S99,2
19,0.99962795,0.0003719977,S99,2
20,0.02679374,0.9732063,S99,2
21,0.009523876,0.99047613,S99,2
22,0.99955887,0.00044113622,S99,2
23,0.9809023,0.019097663,S99,2
24,0.7496542,0.25034574,S99,2
25,0.0004223583,0.9995777,S99,2
26,0.00012861616,0.9998714,S99,2
27,0.0366024,0.96339756,S99,2
28,0.015487476,0.98451257,S99,2
29,0.9982418,0.0017582279,S99,2
30,0.24831593,0.75168407,S99,2
31,0.9981534,0.0018465882,S99,2
32,0.09685506,0.90314496,S99,2
33,0.99705935,0.0029407232,S99,2
34,0.24878089,0.7512191,S99,2
35,0.99694073,0.003059307,S99,2
36,0.019661665,0.98033834,S99,2
37,0.80581063,0.19418934,S99,2
38,0.13238727,0.8676127,S99,2
39,0.5265061,0.4734939,S99,2
40,0.3103687,0.6896313,S99,2
41,0.9448765,0.05512346,S99,2
42,0.9044226,0.09557748,S99,2
43,0.24082515,0.7591748,S99,2
44,0.97459733,0.02540266,S99,2
45,0.96304864,0.03695138,S99,2
46,0.7740609,0.22593914,S99,2
47,0.26725098,0.732749,S99,2
0,0.99985254,0.00014747563,S99,3
1,0.3117233,0.6882767,S99,3
2,0.19097927,0.8090207,S99,3
3,0.9994923,0.0005076673,S99,3
4,0.9841382,0.015861833,S99,3
5,0.07866256,0.9213374,S99,3
6,0.0026813934,0.99731857,S99,3
7,0.10175562,0.8982444,S99,3
8,0.29623154,0.70376843,S99,3
9,0.103730656,0.8962694,S99,3
10,0.9654849,0.034515135,S99,3
11,0.07716878,0.92283124,S99,3
12,0.09893936,0.90106064,S99,3
13,0.009939876,0.9900601,S99,3
14,0.83347,0.16653001,S99,3
15,0.00272711,0.9972729,S99,3
16,0.9644864,0.035513606,S99,3
17,0.00080493995,0.99919504,S99,3
18,0.060031496,0.9399685,S99,3
19,0.9939526,0.0060474477,S99,3
20,0.16175508,0.83824486,S99,3
21,0.97977465,0.020225368,S99,3
22,0.010988331,0.98901165,S99,3
23,0.8624484,0.13755162,S99,3
24,0.16179793,0.83820206,S99,3
25,0.99961853,0.00038150157,S99,3
26,0.9897536,0.010246417,S99,3
27,0.8093101,0.19068997,S99,3
28,0.011818483,0.98818153,S99,3
29,0.7691384,0.23086159,S99,3
30,0.67199516,0.3280048,S99,3
31,0.44253343,0.55746657,S99,3
32,0.010161329,0.9898387,S99,3
33,0.9972173,0.0027827371,S99,3
34,0.99956423,0.00043570797,S99,3
35,0.9982445,0.0017555385,S99,3
36,0.009631268,0.99036866,S99,3
37,0.028129084,0.97187096,S99,3
38,0.3966644,0.6033356,S99,3
39,0.11131401,0.88868594,S99,3
40,0.65105057,0.3489495,S99,3
41,0.01996721,0.98003274,S99,3
42,0.022776833,0.9772232,S99,3
43,0.5699879,0.43001202,S99,3
44,0.9334119,0.0665881,S99,3
45,0.8158951,0.1841049,S99,3
46,0.9999913,8.713012e-06,S99,3
47,0.99999845,1.4924377e-06,S99,3
0,0.99985254,0.00014747563,S99,4
1,0.29769626,0.70230377,S99,4
2,0.21147327,0.7885268,S99,4
3,0.9997682,0.00023185261,S99,4
4,0.9855908,0.014409161,S99,4
5,0.1483418,0.85165817,S99,4
6,0.0034471143,0.9965528,S99,4
7,0.02309695,0.9769031,S99,4
8,0.29721904,0.70278096,S99,4
9,0.08737069,0.91262937,S99,4
10,0.96867865,0.031321377,S99,4
11,0.11144751,0.8885525,S99,4
12,0.033942424,0.96605754,S99,4
13,0.010854134,0.9891459,S99,4
14,0.94415677,0.055843305,S99,4
15,0.002751869,0.9972481,S99,4
16,0.9522811,0.04771894,S99,4
17,0.0005900746,0.9994099,S99,4
18,0.032753117,0.9672469,S99,4
19,0.99261224,0.007387749,S99,4
20,0.15948476,0.84051526,S99,4
21,0.9783186,0.021681495,S99,4
22,0.006068738,0.9939313,S99,4
23,0.9137996,0.08620044,S99,4
24,0.06569588,0.93430406,S99,4
25,0.99986327,0.0001367728,S99,4
26,0.9629322,0.03706783,S99,4
27,0.9989832,0.001016813,S99,4
28,0.15088327,0.8491167,S99,4
29,0.39974412,0.60025597,S99,4
30,0.62885463,0.37114534,S99,4
31,0.70196885,0.29803112,S99,4
32,0.012838221,0.9871618,S99,4
33,0.999236,0.0007640219,S99,4
34,0.9995153,0.0004847086,S99,4
35,0.9975903,0.0024097152,S99,4
36,0.009144836,0.9908552,S99,4
37,0.03392583,0.9660741,S99,4
38,0.20867942,0.79132056,S99,4
39,0.026133038,0.973867,S99,4
40,0.4324313,0.5675687,S99,4
41,0.01026387,0.9897362,S99,4
42,0.017001064,0.9829989,S99,4
43,0.89093155,0.10906839,S99,4
44,0.82110065,0.1788994,S99,4
45,0.90206796,0.09793204,S99,4
46,0.9999907,9.25677e-06,S99,4
47,0.99989915,0.00010089299,S99,4
