,0,1,2,id,block
0,3.4462606e-05,0.9524411,0.04752438,S100,0
1,0.12798834,0.00022783248,0.8717839,S100,0
2,0.013059772,0.0006798378,0.98626035,S100,0
3,0.99287593,0.0068326783,0.00029144142,S100,0
4,1.8626784e-05,0.9716239,0.028357515,S100,0
5,0.9351325,0.0070640366,0.05780348,S100,0
6,0.7937929,0.20317155,0.00303559,S100,0
7,1.0243868e-06,0.00017846825,0.99982053,S100,0
8,0.5689298,0.430412,0.000658196,S100,0
9,0.9957616,0.004231282,7.138746e-06,S100,0
10,8.9774386e-07,0.0011667941,0.9988323,S100,0
11,2.010183e-08,0.0012170926,0.99878293,S100,0
12,0.050338052,1.1076662e-06,0.94966084,S100,0
13,9.128939e-08,4.687158e-06,0.99999523,S100,0
14,6.958662e-06,0.0012841977,0.99870884,S100,0
15,0.99297076,0.0046339063,0.0023953496,S100,0
16,0.9953465,0.004361233,0.00029222958,S100,0
17,0.37078917,1.6444527e-09,0.6292109,S100,0
18,0.9999964,2.4987858e-06,1.0715694e-06,S100,0
19,0.9984806,0.0015165233,2.8203037e-06,S100,0
20,0.9937091,9.3893965e-07,0.0062898956,S100,0
21,0.00013360953,0.9998288,3.7557347e-05,S100,0
22,0.9988399,2.5174502e-05,0.0011350268,S100,0
23,0.4452021,1.5055031e-05,0.55478287,S100,0
24,8.263719e-08,0.0011308003,0.9988691,S100,0
25,0.0001729535,0.9856719,0.014155195,S100,0
26,4.4592583e-05,2.711274e-06,0.9999527,S100,0
27,0.09335077,0.90662926,2.0010144e-05,S100,0
28,0.6141513,0.0010001598,0.38484856,S100,0
29,0.13084474,0.0071164235,0.8620388,S100,0
30,0.015885787,0.98404413,7.017343e-05,S100,0
31,4.6898574e-09,0.98001546,0.019984515,S100,0
32,0.002198634,0.99775827,4.304026e-05,S100,0
33,0.30082956,0.010503545,0.68866694,S100,0
34,9.005925e-06,0.9999907,1.8256618e-07,S100,0
35,7.889498e-06,0.9649465,0.03504554,S100,0
36,2.1760518e-06,0.99999785,4.0747654e-08,S100,0
37,1.5810674e-05,0.9995409,0.00044326976,S100,0
38,1.5731892e-05,0.9998356,0.00014861872,S100,0
39,0.10122708,0.04624405,0.85252887,S100,0
40,1.2317361e-06,0.99999833,4.3041925e-07,S100,0
41,3.7512438e-09,1.0,5.8213462e-08,S100,0
42,0.8145878,0.0052413377,0.18017091,S100,0
43,0.14950131,8.542196e-05,0.85041326,S100,0
44,8.997345e-06,0.97445935,0.025531655,S100,0
45,8.732393e-06,0.99990547,8.5823194e-05,S100,0
46,0.6018816,0.39794645,0.00017200595,S100,0
47,0.99937385,0.0001575691,0.0004685923,S100,0
48,0.83812225,0.16187774,2.4997707e-08,S100,0
49,0.0008214337,0.0009398225,0.9982387,S100,0
50,0.00016430997,5.238452e-05,0.99978334,S100,0
51,1.5614645e-06,0.022074787,0.9779237,S100,0
52,4.1398263e-08,0.0010067084,0.9989932,S100,0
53,3.1864882e-08,0.68575156,0.3142484,S100,0
54,0.441051,0.00019464239,0.5587543,S100,0
55,0.0020576946,0.64451015,0.35343212,S100,0
56,2.851801e-06,0.99216884,0.007828349,S100,0
57,0.92400205,0.07599729,6.4139147e-07,S100,0
58,0.9983393,0.0016607313,5.7984142e-08,S100,0
59,0.9999479,4.836527e-06,4.719569e-05,S100,0
60,0.9940951,0.005904697,2.2652829e-07,S100,0
61,0.99981064,0.0001894396,2.3572155e-10,S100,0
62,0.97627175,8.863845e-05,0.023639563,S100,0
63,0.9972277,4.5710516e-07,0.0027717866,S100,0
64,0.858042,0.14195752,5.2852397e-07,S100,0
65,0.99576026,2.9862236e-05,0.0042098206,S100,0
66,4.1519022e-05,0.9999213,3.7241025e-05,S100,0
67,0.001818403,0.9980761,0.00010549205,S100,0
68,0.08529721,0.91469955,3.2714843e-06,S100,0
69,0.98582435,0.004230764,0.009944833,S100,0
70,0.5534321,0.44656786,2.0729645e-09,S100,0
71,3.129006e-06,0.99914587,0.0008509683,S100,0
72,0.9999498,2.6314794e-05,2.3831159e-05,S100,0
73,0.9999863,2.3381297e-06,1.1376106e-05,S100,0
74,0.0010886802,0.9988802,3.1117277e-05,S100,0
75,0.8756577,0.12434215,1.9917901e-07,S100,0
76,0.9356798,0.06431984,3.7017946e-07,S100,0
77,0.758068,0.24193169,3.0876765e-07,S100,0
78,0.37645814,0.0065409923,0.6170009,S100,0
79,6.271109e-06,0.99259055,0.0074032308,S100,0
80,3.9679777e-05,0.97493035,0.025029955,S100,0
81,0.32987747,0.00020157889,0.6699209,S100,0
82,5.7441066e-06,0.9961649,0.0038294576,S100,0
83,0.003668562,0.9963141,1.7307168e-05,S100,0
84,0.0881472,0.007658103,0.90419465,S100,0
85,4.020835e-05,0.9998839,7.597927e-05,S100,0
86,4.5736243e-07,0.5256901,0.47430944,S100,0
87,0.00020618757,0.0002690355,0.99952483,S100,0
88,2.4968653e-08,0.4869256,0.5130744,S100,0
89,0.00024004655,0.996566,0.0031939629,S100,0
90,7.351539e-08,0.15558931,0.8444106,S100,0
91,6.4128967e-06,0.0007890312,0.9992046,S100,0
92,0.00044557443,0.0005302769,0.99902415,S100,0
93,2.1681102e-07,0.9680724,0.031927295,S100,0
94,0.01975405,0.98024565,3.205935e-07,S100,0
95,0.002753149,0.99724686,1.7765775e-08,S100,0
96,0.87877697,0.101426825,0.019796237,S100,0
97,0.00023694063,3.9333182e-07,0.9997627,S100,0
98,0.0022939763,7.182044e-05,0.9976342,S100,0
99,1.9336741e-07,0.005046569,0.9949532,S100,0
100,1.3233644e-05,0.9998807,0.00010605433,S100,0
101,3.002985e-07,0.008261365,0.9917384,S100,0
102,0.99943393,3.5941957e-05,0.00053007924,S100,0
103,0.0013822196,0.9407465,0.057871327,S100,0
104,0.0028932842,0.9706287,0.026478045,S100,0
105,0.9846294,0.015363999,6.7194787e-06,S100,0
106,0.99962544,0.00037409598,5.2973525e-07,S100,0
107,0.999995,5.488625e-07,4.383994e-06,S100,0
108,0.96220124,0.037792146,6.709144e-06,S100,0
109,0.9995628,0.00043716267,5.3736137e-08,S100,0
110,0.99741167,1.2836994e-05,0.0025755186,S100,0
111,0.98330784,1.8745818e-06,0.01669026,S100,0
112,0.6557157,0.34428078,3.517867e-06,S100,0
113,0.9967007,8.2618935e-06,0.0032909852,S100,0
114,0.00036818703,0.99914634,0.00048548784,S100,0
115,0.0006735583,0.99932027,6.1585733e-06,S100,0
116,0.0903167,0.9096831,2.675315e-07,S100,0
117,0.44450793,0.011133881,0.54435813,S100,0
118,0.90644515,0.093554795,2.7528197e-09,S100,0
119,9.4118644e-07,0.9998863,0.00011275683,S100,0
120,0.9999211,7.717798e-05,1.8186076e-06,S100,0
121,0.9999616,1.700754e-05,2.1331138e-05,S100,0
122,0.009621042,0.98919684,0.0011820938,S100,0
123,0.45315573,0.54684424,3.2167623e-08,S100,0
124,0.99184155,0.008158444,6.094936e-09,S100,0
125,0.9185032,0.08149669,5.787793e-08,S100,0
126,0.28152096,0.0025280484,0.7159509,S100,0
127,1.5445636e-05,0.9682133,0.031771258,S100,0
128,1.4738606e-05,0.9999484,3.6892317e-05,S100,0
129,0.06488703,6.764605e-05,0.93504536,S100,0
130,1.9924234e-06,0.9021125,0.09788542,S100,0
131,0.00041131172,0.99958867,3.130491e-08,S100,0
132,0.72605467,0.02242316,0.25152215,S100,0
133,0.00030989625,0.99968946,6.920605e-07,S100,0
134,1.1033665e-06,0.042713765,0.9572851,S100,0
135,0.33882082,0.005515187,0.6556641,S100,0
136,5.8912303e-08,0.8090627,0.19093716,S100,0
137,0.0017926195,0.99402195,0.0041853734,S100,0
138,2.9219686e-07,0.3711795,0.62882024,S100,0
139,1.8743382e-06,0.0004624905,0.9995357,S100,0
140,0.00014992901,8.777526e-05,0.99976236,S100,0
141,1.3631252e-06,0.5135673,0.48643127,S100,0
142,0.001714957,0.99828476,2.4392006e-07,S100,0
143,0.035580207,0.96441966,8.021212e-08,S100,0
144,4.3879904e-08,0.00018373848,0.99981624,S100,0
145,0.01183417,0.00016110661,0.98800474,S100,0
146,0.00029490175,4.4766533e-05,0.9996604,S100,0
147,0.13858794,0.8421342,0.019277975,S100,0
148,4.423917e-06,0.8340238,0.16597183,S100,0
149,0.37556893,0.01789891,0.6065321,S100,0
150,0.42023453,0.56687856,0.012886862,S100,0
151,4.2619035e-08,0.00011670092,0.9998833,S100,0
152,0.011807665,0.9881918,6.337467e-07,S100,0
153,0.16051418,0.8393839,0.00010188442,S100,0
154,2.5225954e-05,0.0037805282,0.99619424,S100,0
155,1.7885363e-07,0.00030387533,0.999696,S100,0
156,0.07735162,1.3620391e-05,0.9226347,S100,0
157,2.4539878e-08,1.709482e-05,0.99998283,S100,0
158,5.6071094e-05,0.010035183,0.9899087,S100,0
159,0.99898285,0.0010040405,1.3071213e-05,S100,0
160,0.991549,0.008404548,4.6460464e-05,S100,0
161,0.18066952,7.0704815e-09,0.8193304,S100,0
162,0.99983346,0.0001595999,6.9318507e-06,S100,0
163,0.99793375,0.002060439,5.835043e-06,S100,0
164,0.632986,2.1507433e-06,0.36701176,S100,0
165,0.0006266481,0.99733424,0.0020390875,S100,0
166,0.96918577,3.5117784e-05,0.03077914,S100,0
167,0.42593634,1.9810007e-06,0.57406163,S100,0
168,4.1910909e-07,0.0031956804,0.9968039,S100,0
169,0.0009766712,0.9989003,0.00012298803,S100,0
170,0.00083786953,3.9212523e-06,0.99915826,S100,0
171,0.16732354,0.83262724,4.9263213e-05,S100,0
172,0.024119424,0.00030172383,0.9755788,S100,0
173,0.0322979,0.0013742142,0.96632785,S100,0
174,0.08581265,0.9140544,0.00013296823,S100,0
175,8.09615e-09,0.98619056,0.013809437,S100,0
176,0.00508693,0.99491125,1.8300838e-06,S100,0
177,0.089418806,0.00040952995,0.9101716,S100,0
178,1.8958455e-05,0.9999809,1.5768863e-07,S100,0
179,7.095088e-05,0.54010266,0.45982632,S100,0
180,1.2754407e-05,0.99998724,1.4373141e-08,S100,0
181,0.0002700752,0.9995328,0.00019707989,S100,0
182,8.230634e-05,0.99989915,1.8456627e-05,S100,0
183,0.3096644,0.0786682,0.6116674,S100,0
184,5.478119e-06,0.99999356,9.3699555e-07,S100,0
185,2.212337e-09,1.0,1.4505319e-09,S100,0
186,0.92347217,0.007148334,0.06937943,S100,0
187,0.43847352,5.7453388e-05,0.561469,S100,0
188,7.887404e-06,0.68608606,0.31390607,S100,0
189,1.4109216e-05,0.99986625,0.0001196432,S100,0
190,0.6492248,0.35054272,0.00023250395,S100,0
191,0.9988217,0.00029028815,0.00088798784,S100,0
0,0.0002991908,0.016967475,0.98273337,S91,0
1,3.8249848e-07,0.07780566,0.92219394,S91,0
2,1.5031308e-07,0.00038403127,0.9996158,S91,0
3,0.005868559,0.9930213,0.0011101617,S91,0
4,0.93789965,0.029875582,0.032224808,S91,0
5,0.9630325,1.2672531e-06,0.036966234,S91,0
6,0.76927304,0.23072623,7.186863e-07,S91,0
7,0.9727138,0.0272825,3.7589948e-06,S91,0
8,2.0692346e-06,0.16494343,0.83505446,S91,0
9,0.998359,0.00012510958,0.0015158876,S91,0
10,0.006228228,0.20856528,0.78520656,S91,0
11,0.0016663889,4.1683626e-05,0.9982919,S91,0
12,0.00013361641,0.9997602,0.000106231644,S91,0
13,0.9709808,0.028905734,0.00011340293,S91,0
14,0.9957321,0.00031895773,0.0039489865,S91,0
15,0.9999839,1.6122289e-05,2.8748229e-08,S91,0
16,0.99999034,9.607951e-06,1.5903651e-09,S91,0
17,0.9989961,0.0010038504,1.274997e-07,S91,0
18,0.99994314,5.679969e-05,1.3206292e-07,S91,0
19,0.864831,0.13516878,1.9673361e-07,S91,0
20,0.8252282,7.883282e-06,0.17476396,S91,0
21,0.016734693,1.8362039e-07,0.9832651,S91,0
22,0.056101307,0.9438976,1.0371866e-06,S91,0
23,0.6646278,0.0016830949,0.33368912,S91,0
24,3.1137135e-06,0.9878584,0.012138548,S91,0
25,7.045613e-06,0.1605638,0.8394292,S91,0
26,8.626413e-05,0.62222385,0.37768984,S91,0
27,9.4540376e-09,0.1459052,0.8540948,S91,0
28,2.750952e-09,4.5611847e-05,0.99995434,S91,0
29,0.027138896,0.9727787,8.243717e-05,S91,0
30,0.008673362,3.7391226e-07,0.9913263,S91,0
31,1.5956692e-07,0.084870264,0.91512954,S91,0
32,0.0018833668,5.024757e-07,0.99811614,S91,0
33,4.356935e-05,0.0012999903,0.9986564,S91,0
34,8.169613e-08,0.070925616,0.9290743,S91,0
35,5.939415e-08,0.09772002,0.9022799,S91,0
36,0.0015706678,0.99839586,3.347321e-05,S91,0
37,5.1508618e-08,0.97110987,0.028890194,S91,0
38,0.0018174284,0.99818254,1.2304349e-07,S91,0
39,7.2851135e-06,0.9998246,0.00016819449,S91,0
40,0.02361908,0.00015775986,0.9762231,S91,0
41,3.559926e-06,0.93611825,0.06387815,S91,0
42,0.961304,0.037268434,0.0014274963,S91,0
43,0.9859847,0.0039251903,0.010090095,S91,0
44,1.0597533e-06,0.99999857,4.1648067e-07,S91,0
45,0.99205434,0.007945575,7.040412e-08,S91,0
46,0.9057649,0.0069661783,0.08726903,S91,0
47,0.024812028,0.9751781,9.895335e-06,S91,0
48,2.1002812e-08,0.999987,1.30107765e-05,S91,0
49,0.147068,0.85293186,7.3418875e-08,S91,0
50,0.17136768,0.828613,1.9312856e-05,S91,0
51,0.004825768,2.7162048e-06,0.9951715,S91,0
52,0.019411486,1.26151745e-05,0.98057586,S91,0
53,0.0017150933,0.000760703,0.9975242,S91,0
54,0.0037503776,0.9934551,0.0027944506,S91,0
55,1.6338774e-09,0.94564706,0.054352928,S91,0
56,0.0021924807,0.9977709,3.6657937e-05,S91,0
57,0.0041621467,0.9958378,1.35259e-08,S91,0
58,1.3067277e-06,0.088156596,0.9118421,S91,0
59,7.2747653e-06,0.78037655,0.21961612,S91,0
60,6.6218104e-07,0.99180835,0.008190957,S91,0
61,5.6017885e-08,0.9990723,0.00092771114,S91,0
62,0.030010587,0.0011234303,0.96886593,S91,0
63,3.578591e-05,0.99374515,0.0062190834,S91,0
64,0.020721534,0.022783246,0.95649517,S91,0
65,1.8388904e-07,0.9993839,0.0006158567,S91,0
66,0.033119794,9.9484925e-05,0.96678066,S91,0
67,1.5051548e-07,0.99779946,0.0022004342,S91,0
68,0.95653486,0.029976651,0.013488525,S91,0
69,0.00067242875,0.0010511541,0.9982765,S91,0
70,4.0252013e-05,0.99995923,5.19006e-07,S91,0
71,0.0007527395,0.99924517,2.1275043e-06,S91,0
72,0.0003557699,0.9961732,0.0034709827,S91,0
73,0.075529225,0.9243812,8.9586225e-05,S91,0
74,0.0025693506,0.0007504276,0.99668026,S91,0
75,0.0004854589,0.00020527659,0.9993093,S91,0
76,0.0002733034,0.99972194,4.728505e-06,S91,0
77,1.956461e-08,0.023032015,0.97696793,S91,0
78,4.399632e-06,3.520426e-05,0.9999604,S91,0
79,0.05576532,0.9148482,0.029386567,S91,0
80,0.0055075656,0.9944924,5.1993094e-08,S91,0
81,1.8552257e-06,1.6533775e-07,0.999998,S91,0
82,3.549034e-08,0.0037410886,0.99625885,S91,0
83,0.020825103,0.9790549,0.0001199626,S91,0
84,2.8548087e-05,5.9024273e-08,0.9999714,S91,0
85,3.4424292e-09,0.0017164407,0.9982836,S91,0
86,1.6561701e-08,0.0010055231,0.9989944,S91,0
87,4.0687345e-10,5.571231e-05,0.9999443,S91,0
88,0.00027814525,7.1358445e-05,0.9996505,S91,0
89,2.003423e-09,0.002572255,0.99742776,S91,0
90,0.5422229,0.4574597,0.00031735853,S91,0
91,0.0013352587,2.549488e-05,0.9986393,S91,0
92,1.48579185e-08,0.7343444,0.26565558,S91,0
93,0.05387376,6.4117994e-05,0.94606215,S91,0
94,1.1075797e-07,0.024594361,0.97540545,S91,0
95,0.48919147,0.5106528,0.00015572492,S91,0
96,1.7341401e-08,0.78995514,0.21004485,S91,0
97,0.9677256,0.032266863,7.5692865e-06,S91,0
98,0.094582796,0.905416,1.1980646e-06,S91,0
99,0.0060662124,5.6437697e-05,0.99387735,S91,0
100,0.0003948341,2.410029e-06,0.99960274,S91,0
101,0.0012233618,0.003141257,0.99563533,S91,0
102,0.0006489792,0.9978108,0.0015402624,S91,0
103,2.102515e-08,0.9625687,0.03743136,S91,0
104,2.516249e-05,0.99997365,1.245039e-06,S91,0
105,0.00028568102,0.9997142,7.322806e-08,S91,0
106,2.6453865e-08,0.018882439,0.98111755,S91,0
107,2.824587e-05,0.7673896,0.23258215,S91,0
108,6.706344e-08,0.99995124,4.8618134e-05,S91,0
109,6.028773e-08,0.9996631,0.00033673501,S91,0
110,0.20124818,0.0021639105,0.79658794,S91,0
111,7.152466e-05,0.99266464,0.007263916,S91,0
112,0.013168276,0.045725692,0.941106,S91,0
113,7.344837e-08,0.9994911,0.00050878915,S91,0
114,0.025349298,0.00019536083,0.9744554,S91,0
115,8.345022e-08,0.9980026,0.0019973398,S91,0
116,0.8702703,0.12515168,0.0045779482,S91,0
117,0.0019162229,0.02897312,0.9691106,S91,0
118,1.2747471e-05,0.9999869,4.1488735e-07,S91,0
119,7.187921e-05,0.9999275,6.2803485e-07,S91,0
120,9.3804876e-05,0.9859417,0.013964443,S91,0
121,0.0125707835,0.98740757,2.1657454e-05,S91,0
122,0.0032984829,0.0009977963,0.99570376,S91,0
123,0.00021278711,0.00015154063,0.9996357,S91,0
124,0.0005065836,0.99949265,6.923671e-07,S91,0
125,5.365696e-08,0.018226901,0.9817731,S91,0
126,2.5973957e-06,7.1669015e-06,0.9999902,S91,0
127,0.011129108,0.9793453,0.009525521,S91,0
128,0.014824535,0.9851753,6.030235e-08,S91,0
129,5.4636956e-07,1.3785326e-07,0.9999993,S91,0
130,2.7158956e-08,0.0014528814,0.998547,S91,0
131,0.004916287,0.99500483,7.884312e-05,S91,0
132,1.1508659e-05,1.0418282e-08,0.99998844,S91,0
133,2.0756032e-09,0.00021034908,0.99978966,S91,0
134,1.185241e-09,0.0002610708,0.9997389,S91,0
135,3.276566e-10,7.343165e-05,0.99992657,S91,0
136,0.00012839923,3.257861e-05,0.99983895,S91,0
137,1.3759679e-09,0.002688076,0.99731195,S91,0
138,0.6070936,0.39078453,0.0021218937,S91,0
139,0.0005486205,2.4627145e-05,0.9994267,S91,0
140,3.990378e-08,0.49471685,0.5052832,S91,0
141,0.00833574,1.4109568e-05,0.9916502,S91,0
142,2.549161e-08,0.005656131,0.9943439,S91,0
143,0.02791176,0.9717167,0.000371523,S91,0
144,0.36533096,0.00013492595,0.6345341,S91,0
145,1.3713908e-06,0.06867267,0.93132603,S91,0
146,4.5809085e-09,2.105056e-05,0.9999789,S91,0
147,0.017781967,0.9818778,0.0003402209,S91,0
148,0.9918961,0.0031809427,0.0049229385,S91,0
149,0.28618282,5.5258674e-06,0.7138117,S91,0
150,0.98124886,0.018750662,4.994537e-07,S91,0
151,0.8856209,0.114351295,2.790181e-05,S91,0
152,3.422271e-07,0.0013420443,0.9986576,S91,0
153,0.9874511,0.0003625788,0.01218636,S91,0
154,0.0005163582,0.0063725226,0.99311113,S91,0
155,0.010409719,0.00044531305,0.989145,S91,0
156,0.0014543594,0.998362,0.00018363018,S91,0
157,0.9936392,0.006313362,4.7496927e-05,S91,0
158,0.9700153,0.00040413215,0.029580507,S91,0
159,0.9999901,9.771471e-06,6.7368475e-08,S91,0
160,0.99987817,0.0001218465,1.0432225e-08,S91,0
161,0.9985092,0.0014905599,2.3585892e-07,S91,0
162,0.9998184,0.00018131394,3.652946e-07,S91,0
163,0.66877145,0.33122838,2.0376308e-07,S91,0
164,0.9235485,9.96471e-06,0.07644139,S91,0
165,0.0231103,5.2249027e-07,0.9768892,S91,0
166,0.042409692,0.9575875,2.8560669e-06,S91,0
167,0.6299241,0.0026500302,0.3674259,S91,0
168,5.1319403e-06,0.989042,0.010952828,S91,0
169,2.4142755e-05,0.13551086,0.86446506,S91,0
170,9.5189534e-05,0.12755452,0.87235034,S91,0
171,2.0735213e-08,0.18603395,0.813966,S91,0
172,5.1774983e-08,0.0007675677,0.9992324,S91,0
173,0.11941743,0.8802668,0.00031578835,S91,0
174,0.0049519315,3.824257e-06,0.99504423,S91,0
175,7.240692e-07,0.37506858,0.6249307,S91,0
176,0.01879835,5.402995e-06,0.9811963,S91,0
177,1.3559146e-05,0.0003086901,0.9996778,S91,0
178,4.073841e-07,0.66054827,0.33945137,S91,0
179,1.2034748e-08,0.5605311,0.43946895,S91,0
180,0.025839979,0.9740985,6.154292e-05,S91,0
181,1.1328683e-08,0.9678468,0.0321532,S91,0
182,0.014128135,0.98586744,4.4391054e-06,S91,0
183,7.4254845e-06,0.99985886,0.00013372394,S91,0
184,0.023112563,4.539346e-05,0.9768421,S91,0
185,2.660376e-06,0.9936684,0.006329062,S91,0
186,0.9413448,0.006745601,0.05190964,S91,0
187,0.60150373,0.04502691,0.35346934,S91,0
188,6.546386e-07,0.9999838,1.5620686e-05,S91,0
189,0.8297796,0.17022023,1.7132467e-07,S91,0
190,0.86195356,0.008828693,0.12921768,S91,0
191,0.008816038,0.99118316,8.7507135e-07,S91,0
0,0.95349014,0.00081233296,0.045697447,S92,0
1,0.024659362,0.961265,0.014075694,S92,0
2,0.90101916,0.09898086,3.1724139e-09,S92,0
3,0.117019475,0.034794196,0.8481864,S92,0
4,0.015129047,0.0019659952,0.9829049,S92,0
5,0.0027696888,0.99721694,1.3361267e-05,S92,0
6,1.7988755e-06,2.543632e-07,0.999998,S92,0
7,7.476524e-09,0.00015975053,0.99984026,S92,0
8,0.9988267,0.0008721434,0.00030118116,S92,0
9,0.9983053,0.001688428,6.216754e-06,S92,0
10,0.00037886522,3.3775486e-05,0.99958736,S92,0
11,4.671436e-07,1.055721e-05,0.99998903,S92,0
12,2.2587562e-08,0.0014037115,0.99859625,S92,0
13,6.124603e-05,3.1881376e-07,0.9999385,S92,0
14,2.9271874e-10,2.4305429e-08,1.0,S92,0
15,0.94346505,0.056169625,0.00036527653,S92,0
16,0.047246408,6.755203e-06,0.9527468,S92,0
17,0.99934345,0.0006561236,3.236219e-07,S92,0
18,0.9990816,0.0003421027,0.0005763805,S92,0
19,0.9999989,6.6852937e-07,3.5255337e-07,S92,0
20,1.049946e-06,0.0011345536,0.9988644,S92,0
21,3.0546198e-06,0.0596301,0.9403668,S92,0
22,8.98464e-05,1.2784601e-06,0.9999089,S92,0
23,9.157478e-06,4.0028783e-07,0.99999046,S92,0
24,0.9845978,0.0150791565,0.00032305336,S92,0
25,0.9988354,1.0200523e-07,0.0011644978,S92,0
26,0.99962425,0.0002572395,0.00011846493,S92,0
27,0.9999919,8.045829e-06,1.0940907e-07,S92,0
28,0.9999671,1.0410836e-05,2.2536311e-05,S92,0
29,4.315923e-07,0.99982375,0.00017576928,S92,0
30,0.00013656596,0.99986243,9.573555e-07,S92,0
31,3.2236093e-07,0.9999939,5.758898e-06,S92,0
32,1.1707054e-05,0.9999857,2.6166797e-06,S92,0
33,5.969017e-07,0.99994576,5.3602205e-05,S92,0
34,1.1827252e-06,0.99997854,2.0321644e-05,S92,0
35,2.3741952e-05,0.99997604,2.9502593e-07,S92,0
36,1.845167e-06,0.9995797,0.00041852656,S92,0
37,0.00013311833,0.99986684,1.2078482e-09,S92,0
38,1.5860904e-05,0.9999728,1.1298667e-05,S92,0
39,7.1360944e-07,0.9999993,9.827671e-10,S92,0
40,0.9923184,0.0020040516,0.005677561,S92,0
41,0.0006371916,0.9993538,8.890499e-06,S92,0
42,0.999925,7.488963e-05,1.6614648e-07,S92,0
43,0.9921705,0.0055514975,0.002278003,S92,0
44,0.0010381243,0.9989598,2.1196656e-06,S92,0
45,0.0010589428,0.9989411,4.789514e-10,S92,0
46,0.9775349,0.020702654,0.0017623664,S92,0
47,0.9942526,0.0057427194,4.5941947e-06,S92,0
48,0.9832281,0.016628083,0.00014384833,S92,0
49,0.00058999675,0.99941003,8.5834416e-11,S92,0
50,0.9987375,0.0012625278,3.164019e-08,S92,0
51,0.0019785934,0.0025549796,0.99546635,S92,0
52,0.0027965405,0.00084179884,0.9963617,S92,0
53,0.0015495477,0.9974909,0.00095965865,S92,0
54,0.002898651,1.4112293e-05,0.9970873,S92,0
55,1.0897157e-07,0.015846921,0.984153,S92,0
56,0.98373014,0.016248018,2.194339e-05,S92,0
57,0.9935988,0.006380834,2.0391764e-05,S92,0
58,1.234552e-05,9.406804e-06,0.9999783,S92,0
59,3.4035656e-07,0.00045600743,0.9995436,S92,0
60,1.0987468e-07,0.00084226736,0.99915767,S92,0
61,0.0006557467,2.2188988e-06,0.999342,S92,0
62,2.0239868e-10,1.2082931e-08,1.0,S92,0
63,0.96079963,0.039091825,0.00010858873,S92,0
64,0.099564165,7.165012e-05,0.9003642,S92,0
65,0.9989147,0.001085108,1.935666e-07,S92,0
66,0.9971289,0.001532424,0.0013386348,S92,0
67,0.9999901,9.473319e-06,5.29176e-07,S92,0
68,6.868353e-07,0.0041332017,0.99586606,S92,0
69,2.073467e-06,0.04711253,0.9528853,S92,0
70,0.00046763368,3.4521431e-06,0.9995289,S92,0
71,1.426059e-06,2.0626153e-07,0.99999833,S92,0
72,0.9867133,0.0124958875,0.00079081836,S92,0
73,0.99982965,7.694571e-08,0.00017023543,S92,0
74,0.9940347,0.005901346,6.395241e-05,S92,0
75,0.99995303,4.6523197e-05,4.8238996e-07,S92,0
76,0.9996309,3.1969354e-05,0.00033717375,S92,0
77,4.6597534e-06,0.999699,0.00029639626,S92,0
78,0.00018577104,0.9997199,9.428965e-05,S92,0
79,3.227662e-07,0.99978644,0.00021322063,S92,0
80,1.942242e-05,0.99989843,8.211467e-05,S92,0
81,3.0867454e-07,0.9999455,5.4094362e-05,S92,0
82,8.0587915e-07,0.9999161,8.312457e-05,S92,0
83,9.5926145e-05,0.9999038,2.6613424e-07,S92,0
84,2.0509221e-06,0.9997447,0.00025323912,S92,0
85,0.00014458403,0.9998554,8.520147e-11,S92,0
86,3.49179e-05,0.99996495,9.843946e-08,S92,0
87,2.8774366e-06,0.99999714,8.707085e-09,S92,0
88,0.99575716,0.0021183188,0.0021245216,S92,0
89,0.0008297878,0.9991666,3.5667222e-06,S92,0
90,0.99995816,3.2062297e-05,9.764527e-06,S92,0
91,0.9782032,0.00088298606,0.020913826,S92,0
92,0.0001851631,0.9998141,6.761822e-07,S92,0
93,0.0036629674,0.99633706,2.8098146e-09,S92,0
94,0.9956815,0.004249503,6.90068e-05,S92,0
95,0.95805424,0.041940693,5.080872e-06,S92,0
96,8.225495e-07,0.9999976,1.4931626e-06,S92,0
97,0.91267586,0.08732416,3.6667527e-10,S92,0
98,0.9786386,0.02136138,1.409141e-10,S92,0
99,0.9993376,1.0482648e-06,0.00066131813,S92,0
100,0.0004585506,0.019630661,0.97991085,S92,0
101,0.99858785,6.198383e-06,0.0014059545,S92,0
102,0.99795544,0.00014931532,0.0018952391,S92,0
103,0.99894696,0.0010194716,3.3527445e-05,S92,0
104,0.00032501336,0.99698955,0.0026854111,S92,0
105,0.9937384,0.0008849532,0.0053766496,S92,0
106,0.040212613,0.95978737,1.2343941e-10,S92,0
107,0.018956997,0.9809126,0.00013041835,S92,0
108,0.99996257,1.0492941e-05,2.6948655e-05,S92,0
109,0.3583354,0.005837841,0.63582677,S92,0
110,0.98627245,0.013507461,0.00022007205,S92,0
111,0.9787932,0.021206854,9.108039e-12,S92,0
112,0.99551433,0.0003668079,0.0041188924,S92,0
113,0.28796804,0.7118434,0.000188568,S92,0
114,0.84312534,0.15687457,1.4254357e-07,S92,0
115,0.00050027075,0.9405181,0.05898157,S92,0
116,0.000599649,0.18737979,0.8120206,S92,0
117,3.5513323e-05,0.5543277,0.44563675,S92,0
118,0.7492386,0.24690786,0.00385354,S92,0
119,0.012365419,0.8305876,0.15704691,S92,0
120,0.99098796,0.0090120835,3.7266594e-09,S92,0
121,0.9343858,0.06561407,1.5292024e-07,S92,0
122,1.226599e-05,0.88374114,0.11624664,S92,0
123,6.712266e-05,0.89850897,0.10142392,S92,0
124,0.021757426,0.97823673,5.8794417e-06,S92,0
125,0.9996371,3.3058045e-06,0.00035949593,S92,0
126,0.9994142,0.0004752129,0.00011053531,S92,0
127,0.00053987675,0.99946016,2.2922307e-10,S92,0
128,2.6827302e-06,0.9999931,4.1613675e-06,S92,0
129,0.99874276,7.509771e-05,0.0011821488,S92,0
130,0.86459345,0.13540557,9.929821e-07,S92,0
131,0.9922984,0.007701541,3.0164378e-09,S92,0
132,5.6620793e-06,0.19947308,0.80052125,S92,0
133,1.754613e-05,0.15310791,0.84687454,S92,0
134,0.307983,3.042765e-06,0.6920139,S92,0
135,0.003723262,2.554297e-07,0.99627644,S92,0
136,2.8076505e-08,3.4666306e-07,0.99999964,S92,0
137,0.006774558,5.811892e-09,0.9932254,S92,0
138,3.723864e-08,6.29417e-05,0.99993706,S92,0
139,0.00020210727,3.42538e-08,0.9997979,S92,0
140,0.94032466,0.05824917,0.0014262181,S92,0
141,0.9987264,7.781408e-06,0.0012658727,S92,0
142,0.0031384944,6.2253675e-06,0.99685526,S92,0
143,1.0266057e-05,0.00021473048,0.999775,S92,0
144,3.0857794e-07,0.8714801,0.1285196,S92,0
145,0.99280214,0.007142267,5.5603265e-05,S92,0
146,0.98709875,0.012829213,7.198506e-05,S92,0
147,0.9991026,0.00015206973,0.0007453762,S92,0
148,1.5908579e-07,8.709762e-06,0.9999912,S92,0
149,0.8882824,2.5892978e-05,0.111691594,S92,0
150,0.99802667,0.0006452544,0.0013280727,S92,0
151,0.9821384,0.017847313,1.4293428e-05,S92,0
152,4.797091e-06,0.9998022,0.00019311777,S92,0
153,0.9992261,2.5447878e-05,0.0007484667,S92,0
154,0.0069228983,0.99307716,5.1239997e-08,S92,0
155,0.0041120443,0.99576557,0.0001223827,S92,0
156,0.9999311,5.2348558e-05,1.6586586e-05,S92,0
157,0.43943405,0.0054339594,0.555132,S92,0
158,0.90217113,0.095197886,0.002630983,S92,0
159,0.69331706,0.30668297,5.806073e-10,S92,0
160,0.90803725,0.00034644685,0.09161629,S92,0
161,0.102343746,0.89763325,2.295296e-05,S92,0
162,0.49066648,0.50933295,6.250143e-07,S92,0
163,9.1378715e-05,0.7553098,0.24459888,S92,0
164,4.2574822e-05,0.10288967,0.8970678,S92,0
165,3.4629961e-06,0.40084803,0.59914845,S92,0
166,0.87205595,0.12575535,0.002188708,S92,0
167,0.0070076636,0.36937538,0.623617,S92,0
168,0.9783911,0.02160892,1.629847e-08,S92,0
169,0.97167134,0.028328221,4.2501424e-07,S92,0
170,1.1871997e-05,0.80125713,0.19873098,S92,0
171,0.0001254949,0.92211205,0.077762425,S92,0
172,0.03852259,0.9614367,4.0662835e-05,S92,0
173,0.9995956,3.1402637e-06,0.0004013807,S92,0
174,0.9968927,0.002072241,0.0010351284,S92,0
175,0.0013752183,0.9986248,4.309898e-10,S92,0
176,3.6611402e-06,0.99998426,1.20689165e-05,S92,0
177,0.9984458,0.00037816016,0.0011761105,S92,0
178,0.82575977,0.17423962,5.7324627e-07,S92,0
179,0.99903893,0.0009611406,4.7580945e-10,S92,0
180,2.5775528e-06,0.35713324,0.6428642,S92,0
181,3.3093835e-05,0.45064515,0.5493217,S92,0
182,0.40030462,2.599186e-05,0.59966946,S92,0
183,0.03907396,5.409589e-06,0.9609206,S92,0
184,5.8407103e-08,7.399697e-06,0.9999925,S92,0
185,0.08427456,1.0095953e-06,0.9157244,S92,0
186,6.605358e-08,0.016863024,0.98313695,S92,0
187,0.006060195,1.4069166e-06,0.9939383,S92,0
188,0.9697026,0.030288702,8.64246e-06,S92,0
189,0.9998528,5.7428922e-05,8.97957e-05,S92,0
190,0.0012457712,2.4909812e-07,0.998754,S92,0
191,1.0096608e-05,0.0005093334,0.99948055,S92,0
0,0.0020798233,0.8240214,0.17389871,S93,0
1,2.741906e-06,0.76374966,0.23624755,S93,0
2,0.6548154,0.3451846,5.773149e-09,S93,0
3,1.0714387e-05,0.8787176,0.12127176,S93,0
4,0.99998605,1.2209527e-05,1.7623577e-06,S93,0
5,0.0016615946,0.9974043,0.00093407225,S93,0
6,4.4690564e-06,0.9999956,8.914728e-09,S93,0
7,0.99995697,2.1461281e-05,2.1529444e-05,S93,0
8,0.0048516663,0.9951433,5.159523e-06,S93,0
9,1.2354621e-05,0.9999865,1.0379042e-06,S93,0
10,0.00010609462,0.9998933,5.580299e-07,S93,0
11,0.6129426,0.0015668127,0.38549066,S93,0
12,0.1901707,0.002721095,0.8071082,S93,0
13,7.918579e-10,0.9997532,0.00024679693,S93,0
14,0.0014986981,0.0019104474,0.99659085,S93,0
15,0.00018273978,0.99981433,2.9556184e-06,S93,0
16,0.00027027886,2.4817147e-05,0.9997049,S93,0
17,2.5635211e-08,0.11910528,0.8808947,S93,0
18,0.00018682773,0.99878556,0.0010276163,S93,0
19,0.060283415,0.9395995,0.00011700866,S93,0
20,0.0013281035,0.9982526,0.00041934452,S93,0
21,2.5585121e-05,0.00017657301,0.9997979,S93,0
22,0.00023435158,0.99761415,0.0021514758,S93,0
23,0.10427437,2.7763284e-07,0.89572537,S93,0
24,0.05305534,0.94676983,0.00017482066,S93,0
25,0.00026713844,2.9909213e-06,0.9997298,S93,0
26,9.683832e-09,0.00066514517,0.9993349,S93,0
27,0.005444568,1.7088143e-05,0.99453837,S93,0
28,2.1853657e-09,6.095542e-08,0.9999999,S93,0
29,0.5976034,0.40233326,6.335149e-05,S93,0
30,0.7240963,0.27209973,0.0038038709,S93,0
31,0.96158963,9.038299e-08,0.03841023,S93,0
32,0.8416012,0.00011392554,0.1582848,S93,0
33,0.987146,0.009319622,0.0035342895,S93,0
34,1.2822963e-05,0.0017245413,0.9982627,S93,0
35,0.9112824,0.0025945564,0.08612303,S93,0
36,0.99998474,1.5113846e-05,1.2413886e-07,S93,0
37,0.99989176,8.979838e-06,9.930968e-05,S93,0
38,2.1681104e-05,0.010682257,0.989296,S93,0
39,1.3542717e-05,0.9504221,0.049564343,S93,0
40,1.4108146e-05,0.99989533,9.0591646e-05,S93,0
41,8.978859e-06,0.9998704,0.000120571494,S93,0
42,0.61618435,0.3838128,2.8553466e-06,S93,0
43,0.6959749,0.30402514,4.4557035e-11,S93,0
44,6.4267544e-05,0.9999318,3.896446e-06,S93,0
45,0.9999927,6.4115497e-06,7.9579746e-07,S93,0
46,0.996073,0.0032129334,0.000714089,S93,0
47,0.61417174,0.38582823,5.768178e-09,S93,0
48,0.002727744,0.9972722,1.1669195e-11,S93,0
49,0.0007370116,0.3067114,0.6925516,S93,0
50,0.9989052,0.001094671,1.03507816e-07,S93,0
51,2.0819543e-06,0.99364156,0.006356298,S93,0
52,0.99998415,1.3859081e-05,1.9971728e-06,S93,0
53,4.4694687e-05,0.99809974,0.0018555784,S93,0
54,8.34869e-06,0.99999166,3.805516e-08,S93,0
55,0.9999037,4.0695726e-05,5.5638156e-05,S93,0
56,0.0018751536,0.99811304,1.1768458e-05,S93,0
57,3.8315346e-05,0.9999528,8.9470395e-06,S93,0
58,9.326105e-06,0.9999771,1.3588776e-05,S93,0
59,0.67187613,0.0009773874,0.32714647,S93,0
60,0.78466076,0.005047314,0.21029192,S93,0
61,3.7177102e-08,0.9996126,0.00038740266,S93,0
62,0.00033093302,0.00017902588,0.99949,S93,0
63,0.00020152907,0.99978715,1.12885145e-05,S93,0
64,7.6324955e-05,4.590665e-06,0.99991906,S93,0
65,3.3623625e-08,0.14026016,0.85973984,S93,0
66,0.00090150133,0.9946242,0.0044743274,S93,0
67,0.29849234,0.7010521,0.00045558892,S93,0
68,0.0014698786,0.99841523,0.00011479912,S93,0
69,0.0017909172,0.00014074992,0.9980684,S93,0
70,0.00045340302,0.99940157,0.00014501667,S93,0
71,0.0031446964,5.400245e-08,0.99685526,S93,0
72,0.026113037,0.9730488,0.0008381803,S93,0
73,0.013884893,1.2108949e-05,0.98610306,S93,0
74,1.8949115e-07,0.00087653176,0.9991233,S93,0
75,0.011830566,0.0003303614,0.9878391,S93,0
76,1.0812753e-09,2.757089e-07,0.99999976,S93,0
77,0.17152838,0.82845163,1.9955593e-05,S93,0
78,0.60421693,0.39560544,0.00017762106,S93,0
79,0.9299071,5.6401547e-07,0.07009237,S93,0
80,0.936889,7.73374e-05,0.06303369,S93,0
81,0.9893014,0.008165648,0.002533,S93,0
82,1.6632796e-06,0.00015888557,0.9998394,S93,0
83,0.99477494,0.0010910496,0.004134053,S93,0
84,0.99986196,0.00013739869,6.310266e-07,S93,0
85,0.99815494,5.0226936e-06,0.0018400253,S93,0
86,4.4106864e-06,0.0030838035,0.9969118,S93,0
87,6.3334985e-05,0.8080392,0.19189745,S93,0
88,4.8388333e-06,0.9998697,0.00012535769,S93,0
89,1.6295347e-05,0.9962406,0.0037430793,S93,0
90,0.65608215,0.34391558,2.2396175e-06,S93,0
91,0.30552885,0.6944711,5.40716e-10,S93,0
92,7.1730933e-06,0.9999802,1.2669312e-05,S93,0
93,0.9999831,8.637932e-06,8.37087e-06,S93,0
94,0.99384695,0.0039927796,0.0021602875,S93,0
95,0.82328176,0.17671645,1.7438466e-06,S93,0
96,0.99438477,0.0054728207,0.00014239474,S93,0
97,0.67649555,0.32349902,5.370577e-06,S93,0
98,9.599433e-08,0.9792199,0.020779936,S93,0
99,0.9984504,0.0009913286,0.0005581765,S93,0
100,0.9999597,4.0156443e-05,1.15016675e-07,S93,0
101,0.99474394,0.0052560633,1.747366e-11,S93,0
102,0.9998903,9.524918e-05,1.4444072e-05,S93,0
103,0.9320902,0.06588709,0.0020226648,S93,0
104,5.295209e-05,0.99994636,6.6331535e-07,S93,0
105,0.9126505,0.087349534,1.4993514e-08,S93,0
106,4.4127133e-05,0.93550354,0.06445229,S93,0
107,0.014223336,0.9848526,0.0009241344,S93,0
108,0.9996604,0.00033963835,3.747691e-08,S93,0
109,0.9999877,1.2330459e-05,5.896973e-09,S93,0
110,5.9041267e-06,9.519754e-06,0.9999846,S93,0
111,0.9724912,0.02750865,1.09056685e-07,S93,0
112,0.9992092,0.00079075503,2.5449856e-10,S93,0
113,1.5399692e-06,0.99891233,0.0010861657,S93,0
114,0.00020714622,0.99979264,2.8481693e-07,S93,0
115,0.9996675,0.00027948455,5.2993393e-05,S93,0
116,0.99763167,0.0020143776,0.00035386923,S93,0
117,0.9999814,1.8270035e-05,3.329955e-07,S93,0
118,0.9757789,0.0046317303,0.01958937,S93,0
119,0.021766325,0.97822875,4.8939005e-06,S93,0
120,0.0043312106,0.9956671,1.720926e-06,S93,0
121,1.1540711e-06,0.6249739,0.37502503,S93,0
122,0.00086797384,0.99912566,6.4698615e-06,S93,0
123,7.833688e-08,0.9997675,0.00023246264,S93,0
124,0.68242645,0.049974564,0.26759893,S93,0
125,1.8714663e-06,0.99997246,2.5609363e-05,S93,0
126,2.4076076e-07,0.99999976,2.7971316e-08,S93,0
127,0.045504097,0.95449066,5.279999e-06,S93,0
128,0.17195709,0.0009935908,0.8270494,S93,0
129,0.04014172,0.014995796,0.9448625,S93,0
130,1.8380062e-07,0.9855941,0.0144057255,S93,0
131,2.669038e-06,0.9999974,2.7677135e-08,S93,0
132,2.3826788e-06,0.9999976,1.2794791e-09,S93,0
133,2.4906676e-06,0.9778986,0.022098906,S93,0
134,7.2483874e-07,0.9991955,0.0008037567,S93,0
135,2.3665069e-07,0.999997,2.7727483e-06,S93,0
136,0.0030851248,2.8176514e-06,0.996912,S93,0
137,0.00065667205,0.0073907743,0.9919525,S93,0
138,0.00042137623,0.0092745125,0.9903042,S93,0
139,2.9767803e-05,0.9999702,5.0621647e-08,S93,0
140,1.7409351e-05,0.9999826,8.1157e-09,S93,0
141,1.5712423e-08,0.018366044,0.98163396,S93,0
142,0.00027959983,0.9997203,1.162604e-07,S93,0
143,0.13035282,0.0001835492,0.8694637,S93,0
144,0.38678455,0.0060905945,0.60712487,S93,0
145,0.7978308,0.20216912,7.563314e-08,S93,0
146,2.2758614e-07,0.9859417,0.014058051,S93,0
147,0.9981178,0.0008361781,0.00104596,S93,0
148,0.9977508,3.380003e-05,0.0022154073,S93,0
149,0.9999479,5.208516e-05,2.8228675e-08,S93,0
150,0.9967945,1.6779297e-05,0.0031886944,S93,0
151,0.8338447,0.1640014,0.0021538562,S93,0
152,4.1268722e-05,0.99995506,3.6929048e-06,S93,0
153,0.9978423,0.0021576476,7.125518e-09,S93,0
154,1.03534885e-05,0.21152937,0.7884603,S93,0
155,0.002142906,0.9972042,0.0006530264,S93,0
156,0.9871128,0.012887226,1.4411907e-08,S93,0
157,0.99991655,8.340373e-05,4.331624e-08,S93,0
158,4.841812e-06,4.3207063e-05,0.99995196,S93,0
159,0.9897731,0.010224523,2.3816328e-06,S93,0
160,0.99175996,0.0082400525,2.247116e-09,S93,0
161,2.9858307e-07,0.99951565,0.00048404475,S93,0
162,0.00014717836,0.99985266,1.11216195e-07,S93,0
163,0.997609,0.0015980249,0.0007929525,S93,0
164,0.96477616,0.010745543,0.024478326,S93,0
165,0.9999473,4.404144e-05,8.733209e-06,S93,0
166,0.8920499,0.021367418,0.08658264,S93,0
167,0.15803199,0.8417899,0.00017807745,S93,0
168,0.0011366034,0.9988613,2.1078984e-06,S93,0
169,9.2014815e-08,0.6084266,0.3915733,S93,0
170,0.022939501,0.9770444,1.6130129e-05,S93,0
171,1.1396163e-07,0.99961275,0.00038720176,S93,0
172,0.96188843,0.0067295516,0.03138204,S93,0
173,5.5092637e-06,0.9999578,3.6690595e-05,S93,0
174,5.058416e-07,0.9999995,4.5127693e-09,S93,0
175,0.7825292,0.21745697,1.3801622e-05,S93,0
176,0.53018653,0.001170961,0.46864244,S93,0
177,0.09066936,0.0008276389,0.908503,S93,0
178,7.6415984e-07,0.97332,0.026679194,S93,0
179,1.6210013e-05,0.99998295,8.578925e-07,S93,0
180,1.4299516e-06,0.99999857,3.07157e-08,S93,0
181,4.212846e-07,0.99405366,0.0059458786,S93,0
182,9.777422e-07,0.9993569,0.00064216787,S93,0
183,6.6978025e-08,0.99999666,3.162946e-06,S93,0
184,0.00046880855,1.2023332e-06,0.99952996,S93,0
185,0.0004809013,0.002571818,0.99694735,S93,0
186,0.002708173,0.011838473,0.9854534,S93,0
187,0.00014952965,0.9998503,8.722948e-08,S93,0
188,9.693675e-06,0.99999034,5.9293153e-08,S93,0
189,4.2110596e-08,0.13007641,0.86992353,S93,0
190,0.0006594939,0.99934,4.2175273e-07,S93,0
191,0.009015624,3.3225577e-05,0.9909512,S93,0
0,0.0020798233,0.8240214,0.17389871,S94,0
1,0.85777646,0.14169307,0.0005304185,S94,0
2,0.8793458,0.12065422,1.0880516e-10,S94,0
3,0.97471523,7.628038e-06,0.025277138,S94,0
4,2.942308e-06,0.12497683,0.8750202,S94,0
5,5.181245e-06,0.00012604543,0.99986875,S94,0
6,6.105516e-07,0.9999243,7.511531e-05,S94,0
7,0.99992263,7.723811e-05,8.105039e-08,S94,0
8,0.00038506952,0.006538779,0.9930762,S94,0
9,0.99455523,2.4536479e-05,0.005420184,S94,0
10,5.7713398e-05,0.9999409,1.4742818e-06,S94,0
11,0.99993575,6.138058e-05,2.8273462e-06,S94,0
12,0.99970895,0.00012792191,0.00016314951,S94,0
13,0.9999901,5.682514e-08,9.839868e-06,S94,0
14,0.9939884,0.006011534,7.483754e-08,S94,0
15,0.9999994,6.05128e-07,8.5405345e-09,S94,0
16,0.9999126,8.480904e-05,2.6197145e-06,S94,0
17,0.98013157,1.2436659e-05,0.019856034,S94,0
18,0.00013769053,0.99782807,0.0020341678,S94,0
19,1.624767e-05,0.99998295,8.9073916e-07,S94,0
20,0.9997496,5.796655e-05,0.00019248745,S94,0
21,0.5588107,0.015432307,0.42575693,S94,0
22,0.96842086,0.0019731184,0.029606035,S94,0
23,0.989219,0.00627972,0.004501287,S94,0
24,1.1221313e-05,0.97219455,0.027794149,S94,0
25,2.2260869e-07,0.99999976,6.055074e-09,S94,0
26,1.1256637e-05,0.99998236,6.4051333e-06,S94,0
27,0.06299478,0.93697983,2.5362795e-05,S94,0
28,1.736067e-06,0.97571313,0.024285085,S94,0
29,0.0015107603,0.99848455,4.7948647e-06,S94,0
30,0.00946659,0.012714136,0.97781926,S94,0
31,0.0001574065,0.99973935,0.0001032623,S94,0
32,1.4077611e-05,0.99998593,1.7273892e-11,S94,0
33,1.7443668e-05,0.9999758,6.842847e-06,S94,0
34,4.74705e-07,0.019157689,0.9808419,S94,0
35,3.778304e-08,0.029441778,0.97055817,S94,0
36,1.5523517e-08,0.0033307802,0.99666923,S94,0
37,9.9656056e-05,0.9997744,0.00012592408,S94,0
38,0.00022145433,1.669596e-07,0.99977833,S94,0
39,2.8365307e-06,5.6946294e-07,0.99999654,S94,0
40,0.00014684554,0.9998529,2.0245261e-07,S94,0
41,0.005437584,5.4300257e-05,0.9945081,S94,0
42,3.2419233e-05,5.4476273e-05,0.9999131,S94,0
43,5.9848095e-05,2.551914e-05,0.99991465,S94,0
44,2.730383e-06,0.011915512,0.9880818,S94,0
45,0.13184667,0.8658284,0.0023248724,S94,0
46,0.016211962,0.98375875,2.9290404e-05,S94,0
47,1.7336438e-08,0.999292,0.00070790167,S94,0
48,0.0007465573,0.9992267,2.6742768e-05,S94,0
49,0.5028099,0.4627526,0.03443755,S94,0
50,0.9285744,0.07142569,2.4434732e-08,S94,0
51,0.99937755,1.2041625e-06,0.0006213483,S94,0
52,6.4701516e-07,0.010187292,0.9898121,S94,0
53,5.990375e-07,0.00036328178,0.99963605,S94,0
54,4.862925e-07,0.9844848,0.015514722,S94,0
55,0.9999857,1.4307673e-05,4.6313797e-08,S94,0
56,5.2508476e-05,0.011303568,0.9886439,S94,0
57,0.9756825,0.0001560442,0.02416134,S94,0
58,5.0507665e-06,0.9999933,1.6742598e-06,S94,0
59,0.99631053,0.00048644774,0.0032029876,S94,0
60,0.9997181,0.0002528569,2.8919012e-05,S94,0
61,0.9998869,2.9643905e-07,0.00011282338,S94,0
62,0.9904659,0.009533387,6.700912e-07,S94,0
63,0.99999845,1.4291253e-06,1.01170144e-07,S94,0
64,0.9997725,0.00022020566,7.277061e-06,S94,0
65,0.9545755,2.3884442e-05,0.045400593,S94,0
66,1.1237764e-05,0.9983687,0.001620183,S94,0
67,6.2163876e-06,0.9999902,3.6129186e-06,S94,0
68,0.99794835,3.794422e-05,0.0020137108,S94,0
69,0.37274647,0.006096267,0.6211572,S94,0
70,0.9736511,0.0030196884,0.023329265,S94,0
71,0.994044,0.0025030104,0.0034530049,S94,0
72,4.394157e-06,0.9696009,0.03039469,S94,0
73,2.3747313e-07,0.99999964,1.6508373e-07,S94,0
74,7.036372e-06,0.99942434,0.00056861877,S94,0
75,0.0031727331,0.99682033,6.841659e-06,S94,0
76,3.2922233e-07,0.97049505,0.029504614,S94,0
77,0.00034231597,0.99965394,3.7097145e-06,S94,0
78,0.005287033,0.006037207,0.9886757,S94,0
79,0.0013169628,0.9986553,2.7690137e-05,S94,0
80,1.1063056e-05,0.9999889,1.16196506e-11,S94,0
81,1.41951405e-05,0.999982,3.7642767e-06,S94,0
82,1.6279832e-07,0.004393401,0.99560636,S94,0
83,5.170775e-08,0.04875314,0.9512468,S94,0
84,3.2008263e-08,0.0078095864,0.9921904,S94,0
85,6.87042e-05,0.9997813,0.0001500367,S94,0
86,0.0012011006,1.8687105e-06,0.99879706,S94,0
87,7.433163e-06,1.3509132e-06,0.9999912,S94,0
88,0.00028080348,0.9997187,5.247748e-07,S94,0
89,0.014148299,0.00017290293,0.98567885,S94,0
90,2.2100634e-05,4.789533e-05,0.99993,S94,0
91,5.849468e-05,4.8631246e-05,0.99989283,S94,0
92,1.5748572e-06,0.032454073,0.9675444,S94,0
93,0.15931095,0.83817846,0.0025106627,S94,0
94,0.02605485,0.9739251,1.998371e-05,S94,0
95,1.790749e-07,0.99963737,0.00036236984,S94,0
96,0.7604854,0.23870116,0.00081345264,S94,0
97,1.0678104e-05,7.654143e-07,0.99998856,S94,0
98,0.00023835787,1.873734e-05,0.9997429,S94,0
99,0.0030637295,2.5344243e-06,0.9969337,S94,0
100,1.0956369e-07,0.99806434,0.0019355962,S94,0
101,1.4423267e-07,0.26320514,0.7367947,S94,0
102,0.91714,0.08286007,3.3523335e-08,S94,0
103,0.013225364,0.0004898593,0.98628473,S94,0
104,0.0050893887,0.8723196,0.122590974,S94,0
105,0.0002157699,0.99978405,2.885857e-07,S94,0
106,9.125255e-06,0.9997004,0.000290456,S94,0
107,1.3515861e-06,0.9998273,0.00017142188,S94,0
108,5.9768554e-06,0.9999938,2.7410488e-07,S94,0
109,9.311847e-08,0.999648,0.00035195085,S94,0
110,0.9926709,0.00054458366,0.0067844894,S94,0
111,0.005179272,0.00046026314,0.9943605,S94,0
112,2.5199876e-07,0.9994282,0.0005714767,S94,0
113,0.000212006,0.999788,1.9615398e-09,S94,0
114,3.1550776e-06,0.9999969,3.499263e-08,S94,0
115,0.9637686,0.00011755203,0.036113843,S94,0
116,0.9882395,0.011715913,4.4512268e-05,S94,0
117,5.0949684e-08,0.99999213,7.884254e-06,S94,0
118,1.3809123e-06,0.99999726,1.253138e-06,S94,0
119,0.00017861811,0.9972791,0.0025423449,S94,0
120,0.00053838175,0.9967789,0.0026827313,S94,0
121,0.99986625,5.2543222e-05,8.122515e-05,S94,0
122,0.0003397551,0.99966025,3.885373e-12,S94,0
123,0.9980319,0.0018756845,9.239964e-05,S94,0
124,2.2916819e-08,0.99972886,0.00027109904,S94,0
125,1.7142422e-07,0.9999999,1.3054848e-08,S94,0
126,0.9991818,0.0006604241,0.00015775124,S94,0
127,0.54145336,0.45854664,3.697958e-09,S94,0
128,2.7333007e-07,0.9999937,6.1207684e-06,S94,0
129,0.9717657,0.028234303,9.320309e-10,S94,0
130,0.99764663,0.0020828415,0.00027054214,S94,0
131,0.99145436,0.008545632,1.2991146e-08,S94,0
132,0.9947379,0.0050387215,0.0002233857,S94,0
133,2.8042032e-07,0.99954224,0.00045753404,S94,0
134,0.9922767,0.007723301,1.5402822e-10,S94,0
135,1.917218e-05,0.9999778,2.954715e-06,S94,0
136,1.0,1.9912648e-08,2.5145889e-08,S94,0
137,0.99947447,0.00052549667,5.449928e-09,S94,0
138,0.0009142146,0.1402716,0.8588141,S94,0
139,0.95388657,0.04611118,2.276572e-06,S94,0
140,0.9998066,2.4714197e-06,0.00019096905,S94,0
141,0.020231204,1.2720108e-08,0.9797688,S94,0
142,4.9143914e-06,0.0034012732,0.9965938,S94,0
143,0.99610895,0.0038245418,6.6458e-05,S94,0
144,0.93126684,0.06855346,0.00017965912,S94,0
145,0.0029859175,9.8590585e-09,0.99701405,S94,0
146,0.0003499922,6.021549e-05,0.99958986,S94,0
147,0.00571809,5.8976605e-07,0.9942813,S94,0
148,5.981492e-07,0.9821784,0.017821014,S94,0
149,3.3216315e-07,0.013931946,0.9860677,S94,0
150,0.9618514,0.038148526,1.1802174e-07,S94,0
151,0.0011036444,1.8441644e-05,0.99887794,S94,0
152,0.014311958,0.9764298,0.00925826,S94,0
153,0.0015982795,0.9983943,7.355314e-06,S94,0
154,3.4677138e-05,0.999964,1.3173806e-06,S94,0
155,5.60825e-06,0.9999051,8.928053e-05,S94,0
156,1.2737278e-05,0.999987,2.521512e-07,S94,0
157,1.4518827e-07,0.9970156,0.0029843024,S94,0
158,0.997405,0.0013701611,0.0012247558,S94,0
159,0.017347686,0.00075802294,0.9818943,S94,0
160,4.0894565e-07,0.999894,0.00010561468,S94,0
161,0.007777364,0.9922226,4.0419113e-08,S94,0
162,2.1966473e-06,0.9999976,2.0499749e-07,S94,0
163,0.99598914,2.162647e-05,0.0039892425,S94,0
164,0.9853221,0.014174666,0.00050319446,S94,0
165,7.769765e-08,0.9998061,0.0001938021,S94,0
166,1.3273359e-06,0.99999857,1.0092847e-07,S94,0
167,8.2681836e-05,0.9968257,0.0030916124,S94,0
168,0.00026994618,0.9972914,0.0024386288,S94,0
169,0.99942315,0.00028969446,0.00028708339,S94,0
170,0.00034644312,0.9996536,2.088785e-11,S94,0
171,0.99812895,0.0016828028,0.00018820337,S94,0
172,1.4977218e-08,0.99936265,0.00063732424,S94,0
173,8.72635e-08,0.9999999,2.698959e-08,S94,0
174,0.9979492,0.001765991,0.00028475214,S94,0
175,0.6480544,0.35194564,3.6146666e-08,S94,0
176,8.758107e-08,0.9999857,1.4234873e-05,S94,0
177,0.9822443,0.017755743,9.978105e-10,S94,0
178,0.9949826,0.004895787,0.000121542595,S94,0
179,0.98628634,0.013713367,2.3095689e-07,S94,0
180,0.9875938,0.011166587,0.0012395786,S94,0
181,2.9144792e-07,0.99981135,0.00018846683,S94,0
182,0.97921044,0.020789497,1.4988574e-09,S94,0
183,7.7344295e-05,0.9997515,0.00017116743,S94,0
184,0.9999809,1.8997504e-06,1.7169945e-05,S94,0
185,0.9999325,6.7455476e-05,1.166153e-08,S94,0
186,0.008237707,0.025070455,0.96669185,S94,0
187,0.9995345,0.00042783102,3.7611266e-05,S94,0
188,0.9965571,0.00040454452,0.003038358,S94,0
189,0.004987287,1.2322034e-06,0.99501145,S94,0
190,1.1600438e-05,0.095869966,0.9041184,S94,0
191,0.9922351,0.0077621634,2.7601643e-06,S94,0
0,0.0020798233,0.8240214,0.17389871,S95,0
1,0.85777646,0.14169307,0.0005304185,S95,0
2,0.8793458,0.12065422,1.0880516e-10,S95,0
3,0.97471523,7.628038e-06,0.025277138,S95,0
4,2.942308e-06,0.12497683,0.8750202,S95,0
5,5.181245e-06,0.00012604543,0.99986875,S95,0
6,6.105516e-07,0.9999243,7.511531e-05,S95,0
7,0.99992263,7.723811e-05,8.105039e-08,S95,0
8,0.00038506952,0.006538779,0.9930762,S95,0
9,0.99455523,2.4536479e-05,0.005420184,S95,0
10,5.7713398e-05,0.9999409,1.4742818e-06,S95,0
11,0.99993575,6.138058e-05,2.8273462e-06,S95,0
12,0.99970895,0.00012792191,0.00016314951,S95,0
13,0.9999901,5.682514e-08,9.839868e-06,S95,0
14,0.9939884,0.006011534,7.483754e-08,S95,0
15,0.9999994,6.05128e-07,8.5405345e-09,S95,0
16,0.9999126,8.480904e-05,2.6197145e-06,S95,0
17,0.98013157,1.2436659e-05,0.019856034,S95,0
18,0.00013769053,0.99782807,0.0020341678,S95,0
19,1.624767e-05,0.99998295,8.9073916e-07,S95,0
20,0.9997496,5.796655e-05,0.00019248745,S95,0
21,0.5588107,0.015432307,0.42575693,S95,0
22,0.9600941,0.0010143328,0.03889151,S95,0
23,0.037838012,0.007093,0.955069,S95,0
24,6.137624e-08,0.9999887,1.1152385e-05,S95,0
25,4.524612e-09,0.055589344,0.9444107,S95,0
26,1.856166e-07,0.029027503,0.97097224,S95,0
27,3.38568e-05,0.99992037,4.582603e-05,S95,0
28,3.0835466e-08,0.008496057,0.9915039,S95,0
29,5.0074304e-06,0.9999907,4.307718e-06,S95,0
30,6.799634e-05,1.837484e-05,0.9999136,S95,0
31,0.0009299342,0.99877864,0.00029144235,S95,0
32,2.9730358e-05,0.9999703,9.337895e-10,S95,0
33,0.00011119703,0.99974364,0.00014521468,S95,0
34,3.8149903e-08,0.0011983097,0.9988016,S95,0
35,9.068843e-09,0.013917397,0.9860826,S95,0
36,3.7365537e-09,0.0014375171,0.9985625,S95,0
37,4.3460826e-05,0.9996873,0.00026918395,S95,0
38,0.0001815875,1.244203e-07,0.99981827,S95,0
39,1.963476e-06,1.1970801e-06,0.9999968,S95,0
40,0.00017550326,0.99982446,1.6998413e-07,S95,0
41,0.002320679,3.639968e-05,0.99764293,S95,0
42,3.028751e-05,4.1687726e-05,0.999928,S95,0
43,0.00012291528,4.1172018e-05,0.99983585,S95,0
44,1.962131e-06,0.0055653234,0.99443275,S95,0
45,0.23867603,0.7595985,0.0017254745,S95,0
46,0.014248224,0.98570967,4.206083e-05,S95,0
47,2.0344794e-08,0.999711,0.0002890283,S95,0
48,0.00076456304,0.99922454,1.0859783e-05,S95,0
49,0.3696435,0.5416816,0.08867495,S95,0
50,0.981556,0.018444011,1.43092e-08,S95,0
51,0.9996599,1.1489664e-06,0.00033887435,S95,0
52,7.891523e-07,0.0126890335,0.9873102,S95,0
53,1.3538901e-06,0.0005775898,0.9994211,S95,0
54,4.1506718e-07,0.98406905,0.015930496,S95,0
55,0.99998784,1.221345e-05,3.632551e-08,S95,0
56,9.5600604e-05,0.018911626,0.98099273,S95,0
57,0.97180307,0.00017744415,0.028019393,S95,0
58,3.18714e-06,0.999995,1.7624557e-06,S95,0
59,0.99510527,0.0004287785,0.0044659125,S95,0
60,0.9995054,0.00044860365,4.6048306e-05,S95,0
61,0.99981624,5.6700105e-07,0.00018315398,S95,0
62,0.9898461,0.010153258,7.5395633e-07,S95,0
63,0.9999957,4.062326e-06,1.9066238e-07,S95,0
64,0.9996656,0.00032469325,9.598294e-06,S95,0
65,0.9357904,3.393503e-05,0.06417566,S95,0
66,1.6590955e-05,0.99785465,0.002128792,S95,0
67,9.875665e-06,0.99998605,4.092722e-06,S95,0
68,0.9989654,4.597947e-05,0.0009886711,S95,0
69,0.43202314,0.007393189,0.5605836,S95,0
70,0.9949062,0.002764457,0.0023293586,S95,0
71,0.026150715,0.0025961543,0.9712531,S95,0
72,6.7254e-07,0.9995221,0.00047717325,S95,0
73,8.4148315e-09,0.012186313,0.9878137,S95,0
74,8.9826153e-07,0.064351745,0.93564737,S95,0
75,0.0002416105,0.99953616,0.00022220428,S95,0
76,5.7900326e-08,0.0054966616,0.99450326,S95,0
77,4.6316676e-05,0.9999491,4.478841e-06,S95,0
78,7.909297e-05,6.154426e-06,0.99991477,S95,0
79,0.01905039,0.98068523,0.00026427614,S95,0
80,9.122437e-05,0.9999088,3.3333416e-09,S95,0
81,0.010404453,0.9765182,0.01307733,S95,0
82,1.2302934e-07,0.0018407974,0.9981591,S95,0
83,3.678373e-08,0.023422386,0.9765776,S95,0
84,7.715703e-09,0.001235555,0.9987645,S95,0
85,0.00015272302,0.9993266,0.00052076235,S95,0
86,0.00033095654,2.783869e-07,0.9996687,S95,0
87,8.446673e-06,1.0665948e-06,0.99999046,S95,0
88,0.0006254926,0.99937433,2.3702222e-07,S95,0
89,0.009403638,9.6069976e-05,0.9905003,S95,0
90,2.067129e-05,2.7550197e-05,0.9999517,S95,0
91,0.00017834442,0.00019153353,0.9996301,S95,0
92,2.6532115e-07,0.007545679,0.9924541,S95,0
93,0.19803801,0.7995206,0.002441411,S95,0
94,0.013686125,0.9863041,9.746379e-06,S95,0
95,1.9872213e-07,0.99976355,0.00023620173,S95,0
96,0.7622379,0.23687594,0.00088615506,S95,0
97,1.6327243e-05,8.715776e-07,0.99998283,S95,0
98,0.0010749599,5.812026e-05,0.9988669,S95,0
99,0.0025066675,2.6467756e-06,0.99749064,S95,0
100,8.740018e-08,0.9978423,0.0021575715,S95,0
101,1.4310397e-07,0.33044964,0.66955024,S95,0
102,0.8802518,0.119748145,3.7671814e-08,S95,0
103,0.011008341,0.00040596764,0.98858565,S95,0
104,0.005158943,0.8414121,0.15342896,S95,0
105,0.00019532458,0.99980444,2.771047e-07,S95,0
106,9.974457e-06,0.99970716,0.00028274197,S95,0
107,1.4925458e-06,0.9998554,0.000142998,S95,0
108,6.2827426e-06,0.99999344,2.9665847e-07,S95,0
109,9.3716245e-08,0.999684,0.0003158898,S95,0
110,0.992691,0.00055309216,0.0067558913,S95,0
111,0.005181183,0.0004930819,0.9943257,S95,0
112,2.6080386e-07,0.9993975,0.0006022702,S95,0
113,0.00021021854,0.9997898,1.8919972e-09,S95,0
114,3.0887404e-06,0.9999969,3.4603104e-08,S95,0
115,0.9653643,0.00011539383,0.034520302,S95,0
116,0.98828787,0.011667453,4.4669283e-05,S95,0
117,5.0740983e-08,0.99999213,7.8866e-06,S95,0
118,1.3695378e-06,0.9999975,1.2276996e-06,S95,0
119,0.00017837078,0.99730766,0.0025139623,S95,0
120,0.00053652655,0.9967637,0.0026998157,S95,0
121,0.9998672,5.2418396e-05,8.039063e-05,S95,0
122,0.00033925133,0.99966073,3.848035e-12,S95,0
123,0.9980344,0.001874163,9.1366506e-05,S95,0
124,2.2937247e-08,0.999731,0.00026897294,S95,0
125,1.7201181e-07,0.9999999,1.3009062e-08,S95,0
126,0.9991843,0.00065855216,0.0001571083,S95,0
127,0.54127437,0.4587257,3.6899588e-09,S95,0
128,2.7301147e-07,0.9999937,6.111249e-06,S95,0
129,0.9717397,0.028260285,9.327937e-10,S95,0
130,0.9976457,0.002083967,0.00027027624,S95,0
131,0.99142236,0.0085775945,1.2991867e-08,S95,0
132,0.99472284,0.005053756,0.00022344623,S95,0
133,2.8056516e-07,0.9995426,0.000457172,S95,0
134,0.9922571,0.007742954,1.5413068e-10,S95,0
135,1.9136505e-05,0.9999778,2.9464563e-06,S95,0
136,1.0,1.992853e-08,2.5115405e-08,S95,0
137,0.9994746,0.0005254724,5.445024e-09,S95,0
138,0.00091414346,0.13997892,0.85910696,S95,0
139,0.95394576,0.0460519,2.280399e-06,S95,0
140,0.99980646,2.4725746e-06,0.00019101347,S95,0
141,0.020214895,1.2702619e-08,0.979785,S95,0
142,4.91525e-06,0.0033981856,0.9965969,S95,0
143,0.9961027,0.00383082,6.644719e-05,S95,0
144,0.9311964,0.068623535,0.00018004172,S95,0
145,0.002979083,9.840152e-09,0.9970209,S95,0
146,0.00035485576,6.0504546e-05,0.9995846,S95,0
147,0.005686446,5.8955203e-07,0.994313,S95,0
148,5.968393e-07,0.98206437,0.017935073,S95,0
149,3.328813e-07,0.014073411,0.9859263,S95,0
150,0.9613646,0.038635273,1.18908964e-07,S95,0
151,0.0010910517,1.8191186e-05,0.9988908,S95,0
152,0.014321382,0.9763979,0.009280786,S95,0
153,0.0015958542,0.9983968,7.33055e-06,S95,0
154,3.463734e-05,0.999964,1.3255697e-06,S95,0
155,5.603332e-06,0.9999052,8.918633e-05,S95,0
156,1.2780851e-05,0.999987,2.5194447e-07,S95,0
157,1.4486801e-07,0.9970246,0.0029753123,S95,0
158,0.99740726,0.0013701819,0.0012225268,S95,0
159,0.017370362,0.00075854844,0.9818711,S95,0
160,4.0934526e-07,0.99989414,0.000105516236,S95,0
161,0.007785766,0.99221426,4.041338e-08,S95,0
162,2.1955584e-06,0.9999976,2.0489216e-07,S95,0
163,0.99598986,2.1615537e-05,0.0039884886,S95,0
164,0.9853322,0.01416469,0.0005031238,S95,0
165,7.775992e-08,0.9998061,0.00019385369,S95,0
166,1.3279524e-06,0.99999857,1.00858806e-07,S95,0
167,8.265906e-05,0.9968267,0.003090566,S95,0
168,0.00026990363,0.99729025,0.0024398568,S95,0
169,0.99942327,0.00028965308,0.000287102,S95,0
170,0.00034653328,0.99965346,2.091065e-11,S95,0
171,0.9981286,0.0016832001,0.00018826182,S95,0
172,1.4977104e-08,0.99936265,0.00063735066,S95,0
173,8.726716e-08,0.9999999,2.6994018e-08,S95,0
174,0.9979492,0.0017660297,0.00028478363,S95,0
175,0.6480405,0.35195956,3.614975e-08,S95,0
176,8.756136e-08,0.9999857,1.4236094e-05,S95,0
177,0.98224026,0.017759733,9.981148e-10,S95,0
178,0.9949826,0.004895811,0.000121545374,S95,0
179,0.986285,0.013714866,2.310101e-07,S95,0
180,0.9875924,0.011167891,0.0012396832,S95,0
181,2.9137624e-07,0.9998115,0.00018836965,S95,0
182,0.97920734,0.020792592,1.4992015e-09,S95,0
183,7.729822e-05,0.9997516,0.000171056,S95,0
184,0.9999809,1.9001707e-06,1.7172335e-05,S95,0
185,0.9999325,6.746815e-05,1.1659351e-08,S95,0
186,0.0082419235,0.025067588,0.96669054,S95,0
187,0.9995346,0.00042775538,3.7610087e-05,S95,0
188,0.9965557,0.00040467785,0.003039684,S95,0
189,0.0049834982,1.2317618e-06,0.9950153,S95,0
190,1.1604744e-05,0.09593182,0.90405655,S95,0
191,0.99221885,0.0077784397,2.7575013e-06,S95,0
0,0.95349014,0.00081233296,0.045697447,S96,0
1,0.024659362,0.961265,0.014075694,S96,0
2,0.90101916,0.09898086,3.1724139e-09,S96,0
3,0.117019475,0.034794196,0.8481864,S96,0
4,0.015129047,0.0019659952,0.9829049,S96,0
5,0.0027696888,0.99721694,1.3361267e-05,S96,0
6,1.7988755e-06,2.543632e-07,0.999998,S96,0
7,7.476524e-09,0.00015975053,0.99984026,S96,0
8,0.9988267,0.0008721434,0.00030118116,S96,0
9,0.9983053,0.001688428,6.216754e-06,S96,0
10,0.00037886522,3.3775486e-05,0.99958736,S96,0
11,4.671436e-07,1.055721e-05,0.99998903,S96,0
12,2.2587562e-08,0.0014037115,0.99859625,S96,0
13,6.124603e-05,3.1881376e-07,0.9999385,S96,0
14,2.9271874e-10,2.4305429e-08,1.0,S96,0
15,0.94346505,0.056169625,0.00036527653,S96,0
16,0.047246408,6.755203e-06,0.9527468,S96,0
17,0.99934345,0.0006561236,3.236219e-07,S96,0
18,0.9990816,0.0003421027,0.0005763805,S96,0
19,0.9999989,6.6852937e-07,3.5255337e-07,S96,0
20,1.049946e-06,0.0011345536,0.9988644,S96,0
21,3.0546198e-06,0.0596301,0.9403668,S96,0
22,8.98464e-05,1.2784601e-06,0.9999089,S96,0
23,9.157478e-06,4.0028783e-07,0.99999046,S96,0
24,0.9845978,0.0150791565,0.00032305336,S96,0
25,0.9988354,1.0200523e-07,0.0011644978,S96,0
26,0.99962425,0.0002572395,0.00011846493,S96,0
27,0.9999919,8.045829e-06,1.0940907e-07,S96,0
28,0.9999671,1.0410836e-05,2.2536311e-05,S96,0
29,4.315923e-07,0.99982375,0.00017576928,S96,0
30,0.00013656596,0.99986243,9.573555e-07,S96,0
31,3.2236093e-07,0.9999939,5.758898e-06,S96,0
32,1.1707054e-05,0.9999857,2.6166797e-06,S96,0
33,5.969017e-07,0.99994576,5.3602205e-05,S96,0
34,1.1827252e-06,0.99997854,2.0321644e-05,S96,0
35,2.3741952e-05,0.99997604,2.9502593e-07,S96,0
36,1.845167e-06,0.9995797,0.00041852656,S96,0
37,0.00013311833,0.99986684,1.2078482e-09,S96,0
38,1.5860904e-05,0.9999728,1.1298667e-05,S96,0
39,7.1360944e-07,0.9999993,9.827671e-10,S96,0
40,0.9923184,0.0020040516,0.005677561,S96,0
41,0.0006371916,0.9993538,8.890499e-06,S96,0
42,0.999925,7.488963e-05,1.6614648e-07,S96,0
43,0.9921705,0.0055514975,0.002278003,S96,0
44,0.0010381243,0.9989598,2.1196656e-06,S96,0
45,0.0010589428,0.9989411,4.789514e-10,S96,0
46,0.9775349,0.020702654,0.0017623664,S96,0
47,0.9942526,0.0057427194,4.5941947e-06,S96,0
48,0.9832281,0.016628083,0.00014384833,S96,0
49,0.00058999675,0.99941003,8.5834416e-11,S96,0
50,0.9987375,0.0012625278,3.164019e-08,S96,0
51,0.0019785934,0.0025549796,0.99546635,S96,0
52,0.0027965405,0.00084179884,0.9963617,S96,0
53,0.0015495477,0.9974909,0.00095965865,S96,0
54,0.002898651,1.4112293e-05,0.9970873,S96,0
55,1.0897157e-07,0.015846921,0.984153,S96,0
56,0.98373014,0.016248018,2.194339e-05,S96,0
57,0.9935988,0.006380834,2.0391764e-05,S96,0
58,1.234552e-05,9.406804e-06,0.9999783,S96,0
59,3.4035656e-07,0.00045600743,0.9995436,S96,0
60,1.0987468e-07,0.00084226736,0.99915767,S96,0
61,0.0006557467,2.2188988e-06,0.999342,S96,0
62,2.0239868e-10,1.2082931e-08,1.0,S96,0
63,0.96079963,0.039091825,0.00010858873,S96,0
64,0.099564165,7.165012e-05,0.9003642,S96,0
65,0.9989147,0.001085108,1.935666e-07,S96,0
66,0.9971289,0.001532424,0.0013386348,S96,0
67,0.9999901,9.473319e-06,5.29176e-07,S96,0
68,6.868353e-07,0.0041332017,0.99586606,S96,0
69,2.073467e-06,0.04711253,0.9528853,S96,0
70,0.00046763368,3.4521431e-06,0.9995289,S96,0
71,1.426059e-06,2.0626153e-07,0.99999833,S96,0
72,0.9867133,0.0124958875,0.00079081836,S96,0
73,0.99982965,7.694571e-08,0.00017023543,S96,0
74,0.9940347,0.005901346,6.395241e-05,S96,0
75,0.99995303,4.6523197e-05,4.8238996e-07,S96,0
76,0.9996309,3.1969354e-05,0.00033717375,S96,0
77,4.6597534e-06,0.999699,0.00029639626,S96,0
78,0.00018577104,0.9997199,9.428965e-05,S96,0
79,3.227662e-07,0.99978644,0.00021322063,S96,0
80,1.942242e-05,0.99989843,8.211467e-05,S96,0
81,3.0867454e-07,0.9999455,5.4094362e-05,S96,0
82,8.0587915e-07,0.9999161,8.312457e-05,S96,0
83,9.5926145e-05,0.9999038,2.6613424e-07,S96,0
84,2.0509221e-06,0.9997447,0.00025323912,S96,0
85,0.00014458403,0.9998554,8.520147e-11,S96,0
86,3.49179e-05,0.99996495,9.843946e-08,S96,0
87,2.8774366e-06,0.99999714,8.707085e-09,S96,0
88,0.99575716,0.0021183188,0.0021245216,S96,0
89,0.0008297878,0.9991666,3.5667222e-06,S96,0
90,0.99995816,3.2062297e-05,9.764527e-06,S96,0
91,0.9782032,0.00088298606,0.020913826,S96,0
92,0.0001851631,0.9998141,6.761822e-07,S96,0
93,0.0036629674,0.99633706,2.8098146e-09,S96,0
94,0.9956815,0.004249503,6.90068e-05,S96,0
95,0.95805424,0.041940693,5.080872e-06,S96,0
96,8.225495e-07,0.9999976,1.4931626e-06,S96,0
97,0.91267586,0.08732416,3.6667527e-10,S96,0
98,0.9786386,0.02136138,1.409141e-10,S96,0
99,0.9993376,1.0482648e-06,0.00066131813,S96,0
100,0.0004585506,0.019630661,0.97991085,S96,0
101,0.99858785,6.198383e-06,0.0014059545,S96,0
102,0.99795544,0.00014931532,0.0018952391,S96,0
103,0.99894696,0.0010194716,3.3527445e-05,S96,0
104,0.00032501336,0.99698955,0.0026854111,S96,0
105,0.9937384,0.0008849532,0.0053766496,S96,0
106,0.040212613,0.95978737,1.2343941e-10,S96,0
107,5.2461393e-05,0.9999442,3.3077e-06,S96,0
108,0.9997271,7.4327625e-05,0.000198607,S96,0
109,0.002431914,0.0013631287,0.99620503,S96,0
110,0.005943876,0.0002708911,0.99378526,S96,0
111,0.008673723,0.9909285,0.00039771898,S96,0
112,1.400425e-05,1.6060904e-06,0.9999844,S96,0
113,2.250881e-05,0.99927455,0.000702898,S96,0
114,0.9977677,0.0022261697,6.2036365e-06,S96,0
115,5.5600015e-07,6.100893e-06,0.9999933,S96,0
116,2.0393966e-06,0.008275708,0.9917223,S96,0
117,5.648752e-09,2.137826e-05,0.99997866,S96,0
118,0.9825351,0.013021466,0.0044433544,S96,0
119,4.0284377e-07,1.9459641e-05,0.9999801,S96,0
120,0.997792,0.002207998,1.1886714e-08,S96,0
121,0.99924266,0.00075727666,8.4170374e-08,S96,0
122,0.00028845607,0.9840757,0.015635788,S96,0
123,0.0067302263,0.99319565,7.408687e-05,S96,0
124,0.0036232306,0.99626356,0.000113179805,S96,0
125,0.996314,3.408672e-06,0.0036825845,S96,0
126,0.009181553,0.00021166241,0.9906068,S96,0
127,0.0014148852,0.9985812,3.958269e-06,S96,0
128,1.24635e-08,0.074846946,0.9251531,S96,0
129,0.0010032756,0.00015413499,0.9988426,S96,0
130,0.96909976,0.030896224,4.0382847e-06,S96,0
131,0.992273,0.0045791157,0.0031478358,S96,0
132,1.9367376e-07,1.6626572e-07,0.99999964,S96,0
133,3.4304378e-07,0.00842808,0.99157155,S96,0
134,0.0004884275,1.3021007e-07,0.9995115,S96,0
135,5.2910684e-05,4.314646e-08,0.9999471,S96,0
136,1.44422385e-08,4.297899e-06,0.9999957,S96,0
137,0.0003339801,4.75816e-09,0.999666,S96,0
138,7.717731e-07,0.008193606,0.9918057,S96,0
139,9.009935e-05,1.2902922e-08,0.9999099,S96,0
140,0.99683577,0.0030894638,7.479458e-05,S96,0
141,0.9931409,4.284235e-05,0.006816266,S96,0
142,1.7685323e-05,1.4875005e-07,0.9999821,S96,0
143,2.1569285e-05,0.0016436024,0.9983348,S96,0
144,4.6778504e-07,0.9898347,0.010164772,S96,0
145,0.9926329,0.007341817,2.5212143e-05,S96,0
146,0.9851201,0.014852727,2.7169377e-05,S96,0
147,0.9974202,0.00028962028,0.00229021,S96,0
148,1.7702256e-07,1.2447232e-05,0.99998736,S96,0
149,0.81866443,0.0001228267,0.18121266,S96,0
150,0.9968244,0.0005654117,0.0026102504,S96,0
151,0.9962747,0.0037238768,1.4004976e-06,S96,0
152,2.1994783e-06,0.9996138,0.00038405927,S96,0
153,0.9991146,1.7054992e-05,0.0008684448,S96,0
154,0.0068421992,0.9931578,2.1912664e-08,S96,0
155,7.164873e-05,0.9999279,4.4544552e-07,S96,0
156,0.99984443,4.261956e-05,0.0001128893,S96,0
157,0.0011940512,0.00030064068,0.99850535,S96,0
158,0.002608541,0.00015059207,0.9972409,S96,0
159,0.00025787644,0.9997341,7.951278e-06,S96,0
160,1.8631104e-05,1.2509632e-05,0.9999689,S96,0
161,1.3480991e-05,0.9999558,3.0810217e-05,S96,0
162,0.9989378,0.0010227555,3.9445033e-05,S96,0
163,2.5222582e-07,6.754153e-06,0.99999297,S96,0
164,2.0879032e-05,0.035564814,0.96441436,S96,0
165,6.387715e-08,6.1796745e-05,0.99993813,S96,0
166,0.98459727,0.0114631355,0.003939617,S96,0
167,3.0629815e-07,9.408905e-05,0.9999056,S96,0
168,0.9985128,0.0014872425,5.0025047e-08,S96,0
169,0.9980521,0.00194774,1.5197192e-07,S96,0
170,5.5902063e-05,0.99322903,0.006715087,S96,0
171,0.0032755083,0.9967055,1.8981282e-05,S96,0
172,0.010746262,0.9890348,0.0002189948,S96,0
173,0.99297684,2.5907002e-05,0.0069971927,S96,0
174,0.0028193442,0.000386371,0.9967943,S96,0
175,0.0057275807,0.9942608,1.161713e-05,S96,0
176,6.9997057e-09,0.018780945,0.981219,S96,0
177,0.0006960466,0.00079576694,0.99850816,S96,0
178,0.9823728,0.017623171,4.0092327e-06,S96,0
179,0.99751925,0.0022581439,0.00022265612,S96,0
180,9.012969e-08,7.302214e-07,0.99999917,S96,0
181,3.2963703e-07,0.0149431415,0.98505646,S96,0
182,0.007438719,2.149293e-06,0.9925592,S96,0
183,0.00011360642,1.2281502e-07,0.9998863,S96,0
184,9.544926e-08,2.478135e-05,0.9999751,S96,0
185,0.0018022638,2.0125835e-08,0.99819773,S96,0
186,1.1879952e-06,0.029341618,0.9706572,S96,0
187,0.000679364,3.6328117e-07,0.99932027,S96,0
188,0.9974068,0.0025807333,1.2477735e-05,S96,0
189,0.9987313,9.728483e-05,0.0011713904,S96,0
190,1.7179755e-05,6.54795e-08,0.9999827,S96,0
191,6.01382e-06,0.0023662383,0.9976278,S96,0
0,0.0020798233,0.8240214,0.17389871,S97,0
1,0.85777646,0.14169307,0.0005304185,S97,0
2,0.8793458,0.12065422,1.0880516e-10,S97,0
3,0.97471523,7.628038e-06,0.025277138,S97,0
4,2.942308e-06,0.12497683,0.8750202,S97,0
5,5.181245e-06,0.00012604543,0.99986875,S97,0
6,6.105516e-07,0.9999243,7.511531e-05,S97,0
7,0.99992263,7.723811e-05,8.105039e-08,S97,0
8,0.00038506952,0.006538779,0.9930762,S97,0
9,0.99455523,2.4536479e-05,0.005420184,S97,0
10,5.7713398e-05,0.9999409,1.4742818e-06,S97,0
11,0.99993575,6.138058e-05,2.8273462e-06,S97,0
12,0.99970895,0.00012792191,0.00016314951,S97,0
13,0.9999901,5.682514e-08,9.839868e-06,S97,0
14,0.9939884,0.006011534,7.483754e-08,S97,0
15,0.9999994,6.05128e-07,8.5405345e-09,S97,0
16,0.9999126,8.480904e-05,2.6197145e-06,S97,0
17,0.98013157,1.2436659e-05,0.019856034,S97,0
18,0.00013769053,0.99782807,0.0020341678,S97,0
19,1.624767e-05,0.99998295,8.9073916e-07,S97,0
20,0.9997496,5.796655e-05,0.00019248745,S97,0
21,0.5588107,0.015432307,0.42575693,S97,0
22,0.96842086,0.0019731184,0.029606035,S97,0
23,0.983519,0.015368606,0.0011122538,S97,0
24,2.361741e-06,0.9999976,3.4398017e-08,S97,0
25,0.0033857843,0.9966133,8.1334133e-07,S97,0
26,0.0006039809,0.998417,0.0009788896,S97,0
27,0.099639095,0.9003608,1.6087933e-08,S97,0
28,0.00019800097,0.99352586,0.00627616,S97,0
29,0.9690718,0.030285371,0.00064288283,S97,0
30,0.030926023,0.00073172036,0.9683423,S97,0
31,0.8590708,0.13960564,0.001323551,S97,0
32,0.09247116,0.9075284,4.799494e-07,S97,0
33,1.41950695e-05,0.9999856,2.3531526e-07,S97,0
34,8.8978176e-08,0.060507964,0.9394919,S97,0
35,8.863853e-09,0.7188581,0.28114185,S97,0
36,3.31636e-08,0.19777274,0.80222726,S97,0
37,0.0012729851,0.998696,3.1012598e-05,S97,0
38,1.1992134e-05,2.5284683e-07,0.9999877,S97,0
39,1.5772906e-06,1.3561979e-07,0.99999833,S97,0
40,0.0014528794,0.99854565,1.5008238e-06,S97,0
41,0.0029013678,4.6628043e-05,0.99705195,S97,0
42,8.174327e-05,0.0002089152,0.9997093,S97,0
43,5.9342212e-05,1.1758372e-05,0.99992895,S97,0
44,1.3418638e-05,0.022176158,0.9778104,S97,0
45,0.16655537,0.8206148,0.012829708,S97,0
46,0.6116455,0.3883517,2.6757364e-06,S97,0
47,4.284153e-07,3.587315e-05,0.99996364,S97,0
48,0.012859454,0.9870515,8.9025314e-05,S97,0
49,0.99741745,0.002015025,0.0005674672,S97,0
50,0.3374404,0.66255933,3.1211655e-07,S97,0
51,0.91852564,1.828068e-05,0.08145608,S97,0
52,9.856159e-07,0.11620691,0.8837921,S97,0
53,1.1121772e-06,7.390266e-05,0.999925,S97,0
54,5.197536e-07,0.99424076,0.0057587475,S97,0
55,0.99996567,3.4219567e-05,1.7562706e-07,S97,0
56,7.471695e-05,0.0063496116,0.99357563,S97,0
57,0.9941521,8.6041524e-05,0.005761832,S97,0
58,9.969763e-06,0.9999888,1.211477e-06,S97,0
59,0.9990312,0.0005463768,0.00042244513,S97,0
60,0.9997768,0.0001735054,4.9658764e-05,S97,0
61,0.9999201,1.2598298e-07,7.969328e-05,S97,0
62,0.98893154,0.011067963,4.991489e-07,S97,0
63,0.9999993,6.8592664e-07,4.8981363e-08,S97,0
64,0.99989307,0.000102604026,4.2677575e-06,S97,0
65,0.9589524,1.2806324e-05,0.041034795,S97,0
66,1.0317575e-05,0.9982297,0.0017599815,S97,0
67,4.175572e-06,0.99999225,3.5355524e-06,S97,0
68,0.99247074,2.9089977e-05,0.0075000934,S97,0
69,0.2614891,0.0066259946,0.7318849,S97,0
70,0.9433672,0.004789331,0.051843375,S97,0
71,0.91132706,0.005989909,0.08268302,S97,0
72,8.1278295e-06,0.9999906,1.3706507e-06,S97,0
73,0.0002196884,0.9997458,3.4579127e-05,S97,0
74,0.00018593491,0.99966514,0.00014900506,S97,0
75,0.012374001,0.9876188,7.148059e-06,S97,0
76,0.00013424626,0.9393735,0.060492303,S97,0
77,0.8098436,0.17110595,0.019050416,S97,0
78,0.008963162,0.00046282774,0.99057406,S97,0
79,0.857689,0.14214848,0.00016250856,S97,0
80,0.021039588,0.9789596,7.8572384e-07,S97,0
81,7.0293514e-05,0.999915,1.4690026e-05,S97,0
82,5.4218322e-08,0.0063838824,0.9936161,S97,0
83,8.4948395e-09,0.35705015,0.6429499,S97,0
84,1.3296795e-08,0.05560564,0.9443943,S97,0
85,0.005174031,0.9947332,9.276557e-05,S97,0
86,2.9073728e-05,2.4544718e-07,0.9999707,S97,0
87,1.9826407e-06,1.7075017e-07,0.99999785,S97,0
88,0.0049441727,0.99505264,3.1675038e-06,S97,0
89,0.013739342,0.0001321515,0.98612857,S97,0
90,0.00018418944,0.00047680383,0.99933904,S97,0
91,4.0784085e-05,1.7295604e-05,0.99994195,S97,0
92,2.0559715e-05,0.06402506,0.9359544,S97,0
93,0.07461788,0.898896,0.026486192,S97,0
94,0.66627806,0.33371264,9.330639e-06,S97,0
95,9.345711e-07,1.9459763e-05,0.9999796,S97,0
96,0.8958191,0.085661314,0.018519508,S97,0
97,0.2805389,2.732307e-06,0.7194584,S97,0
98,0.9098251,0.000619571,0.089555465,S97,0
99,0.000406792,2.7790875e-06,0.99959046,S97,0
100,3.571231e-08,0.05407853,0.9459214,S97,0
101,1.6584286e-08,0.28272125,0.7172788,S97,0
102,0.0006202266,0.99937975,3.2036006e-08,S97,0
103,2.6000423e-06,1.1086729e-05,0.9999863,S97,0
104,8.0525075e-05,0.9928227,0.0070968894,S97,0
105,0.0017455585,0.998254,4.7581827e-07,S97,0
106,9.805056e-05,0.99989974,2.122583e-06,S97,0
107,5.779789e-06,0.99999285,1.4797112e-06,S97,0
108,3.7879952e-05,0.9999608,1.3074734e-06,S97,0
109,3.133079e-07,0.99955624,0.00044337718,S97,0
110,0.9899519,0.00032879182,0.009719356,S97,0
111,0.008989824,0.00084314693,0.990167,S97,0
112,1.7975748e-07,0.9997607,0.00023906761,S97,0
113,0.00030434766,0.99969566,3.784543e-09,S97,0
114,3.187389e-06,0.9999968,4.6579192e-08,S97,0
115,0.95178497,0.00013643599,0.048078723,S97,0
116,0.98671526,0.013231124,5.358858e-05,S97,0
117,4.16288e-08,0.9999913,8.752804e-06,S97,0
118,1.1791785e-06,0.9999976,1.1717552e-06,S97,0
119,0.00013589897,0.9973219,0.0025421751,S97,0
120,0.00040359912,0.9973131,0.002283263,S97,0
121,0.9998385,6.395774e-05,9.74855e-05,S97,0
122,0.00029233197,0.99970764,2.2218215e-12,S97,0
123,0.99823654,0.0016927613,7.066671e-05,S97,0
124,2.2328315e-08,0.9997563,0.00024370663,S97,0
125,1.668694e-07,0.9999999,1.1395092e-08,S97,0
126,0.9991886,0.0006579423,0.00015339405,S97,0
127,0.54006433,0.4599357,3.6543688e-09,S97,0
128,1.4030127e-08,0.99999905,9.70354e-07,S97,0
129,0.077676654,0.9223221,1.2432533e-06,S97,0
130,0.933621,0.055793982,0.0105850585,S97,0
131,0.05877574,0.94122434,3.1080187e-11,S97,0
132,0.9998555,2.6369662e-05,0.000118142096,S97,0
133,3.7089393e-07,0.87765115,0.12234846,S97,0
134,0.40484658,0.59515345,9.453945e-10,S97,0
135,8.7001143e-07,0.99999917,1.20346675e-08,S97,0
136,0.9999956,3.0298295e-06,1.4267449e-06,S97,0
137,0.9367513,0.0632487,1.3181658e-09,S97,0
138,0.0018917205,0.99010706,0.008001249,S97,0
139,0.4344324,0.56556714,5.284107e-07,S97,0
140,0.9990588,2.5293123e-06,0.00093866704,S97,0
141,0.99139905,8.457283e-06,0.008592454,S97,0
142,7.3335455e-06,0.99958426,0.00040839874,S97,0
143,0.8929086,0.107091464,7.037532e-09,S97,0
144,0.99906677,0.00093321997,4.426738e-10,S97,0
145,0.5647623,0.19423251,0.24100521,S97,0
146,0.00017615003,2.9923435e-06,0.9998209,S97,0
147,0.015838247,0.03592321,0.9482385,S97,0
148,5.6411583e-08,0.82130337,0.1786965,S97,0
149,4.8729555e-07,0.5512281,0.44877142,S97,0
150,0.00018522397,0.9998147,1.5110957e-07,S97,0
151,0.14299673,0.011256658,0.84574664,S97,0
152,0.00017302607,0.9998265,4.4403214e-07,S97,0
153,0.12868387,0.86643314,0.004883014,S97,0
154,2.1136859e-05,0.9999789,5.4167297e-09,S97,0
155,7.5667695e-06,0.9989924,0.0009999869,S97,0
156,5.761131e-05,0.9999366,5.87442e-06,S97,0
157,9.165322e-08,0.99871516,0.0012846945,S97,0
158,0.959763,0.0011969934,0.039040048,S97,0
159,0.008560827,4.4003882e-05,0.9913952,S97,0
160,3.7152506e-07,0.99949014,0.0005094446,S97,0
161,0.010742247,0.9892575,2.098473e-07,S97,0
162,3.6477762e-05,0.99996316,4.0933486e-07,S97,0
163,0.99891067,1.6390897e-05,0.0010728854,S97,0
164,0.95731,0.041236147,0.0014538369,S97,0
165,3.5594002e-08,0.99991226,8.774046e-05,S97,0
166,1.0344611e-06,0.9999987,1.795621e-07,S97,0
167,0.00013767114,0.9974279,0.002434392,S97,0
168,0.00037981317,0.99823344,0.0013866997,S97,0
169,0.9995708,0.00024392553,0.00018526992,S97,0
170,0.00035534037,0.99964464,3.1585515e-11,S97,0
171,0.99731076,0.0023999547,0.00028926253,S97,0
172,1.42027785e-08,0.9993248,0.00067517784,S97,0
173,8.596469e-08,0.9999999,2.4657123e-08,S97,0
174,0.99799514,0.001728661,0.00027629864,S97,0
175,0.6664564,0.3335436,3.272114e-08,S97,0
176,2.4941338e-08,0.9999937,6.2719746e-06,S97,0
177,0.40714574,0.5928527,1.5859491e-06,S97,0
178,0.85112363,0.13850567,0.010370721,S97,0
179,0.009618106,0.9903819,1.5168583e-11,S97,0
180,0.9999162,2.733191e-05,5.6474575e-05,S97,0
181,6.859694e-08,0.95447254,0.04552741,S97,0
182,0.41204327,0.5879567,1.7082329e-10,S97,0
183,6.0626785e-06,0.99999166,2.3196967e-06,S97,0
184,0.9995597,2.3356673e-05,0.00041698435,S97,0
185,0.74343336,0.25656664,4.7225146e-08,S97,0
186,0.00063676725,0.99915326,0.00020995073,S97,0
187,0.9171943,0.08279635,9.268033e-06,S97,0
188,0.9860627,2.4526458e-05,0.013912703,S97,0
189,0.9940223,1.8890256e-05,0.0059587867,S97,0
190,3.4257791e-06,0.9997961,0.00020047482,S97,0
191,0.9568004,0.0431996,2.31874e-09,S97,0
0,0.0020798233,0.8240214,0.17389871,S98,0
1,0.85777646,0.14169307,0.0005304185,S98,0
2,0.8793458,0.12065422,1.0880516e-10,S98,0
3,0.97471523,7.628038e-06,0.025277138,S98,0
4,2.942308e-06,0.12497683,0.8750202,S98,0
5,5.181245e-06,0.00012604543,0.99986875,S98,0
6,6.105516e-07,0.9999243,7.511531e-05,S98,0
7,0.99992263,7.723811e-05,8.105039e-08,S98,0
8,0.00038506952,0.006538779,0.9930762,S98,0
9,0.99455523,2.4536479e-05,0.005420184,S98,0
10,5.7713398e-05,0.9999409,1.4742818e-06,S98,0
11,0.99993575,6.138058e-05,2.8273462e-06,S98,0
12,0.99970895,0.00012792191,0.00016314951,S98,0
13,0.9999901,5.682514e-08,9.839868e-06,S98,0
14,0.9939884,0.006011534,7.483754e-08,S98,0
15,0.9999994,6.05128e-07,8.5405345e-09,S98,0
16,0.9999126,8.480904e-05,2.6197145e-06,S98,0
17,0.98013157,1.2436659e-05,0.019856034,S98,0
18,0.00013769053,0.99782807,0.0020341678,S98,0
19,1.624767e-05,0.99998295,8.9073916e-07,S98,0
20,0.9997496,5.796655e-05,0.00019248745,S98,0
21,0.5588107,0.015432307,0.42575693,S98,0
22,0.9600941,0.0010143328,0.03889151,S98,0
23,0.037838012,0.007093,0.955069,S98,0
24,6.137624e-08,0.9999887,1.1152385e-05,S98,0
25,4.524612e-09,0.055589344,0.9444107,S98,0
26,1.856166e-07,0.029027503,0.97097224,S98,0
27,3.38568e-05,0.99992037,4.582603e-05,S98,0
28,3.0835466e-08,0.008496057,0.9915039,S98,0
29,5.0074304e-06,0.9999907,4.307718e-06,S98,0
30,6.799634e-05,1.837484e-05,0.9999136,S98,0
31,0.0009299342,0.99877864,0.00029144235,S98,0
32,2.9730358e-05,0.9999703,9.337895e-10,S98,0
33,0.00011119703,0.99974364,0.00014521468,S98,0
34,3.8149903e-08,0.0011983097,0.9988016,S98,0
35,9.068843e-09,0.013917397,0.9860826,S98,0
36,3.7365537e-09,0.0014375171,0.9985625,S98,0
37,4.3460826e-05,0.9996873,0.00026918395,S98,0
38,0.0001815875,1.244203e-07,0.99981827,S98,0
39,1.963476e-06,1.1970801e-06,0.9999968,S98,0
40,0.00017550326,0.99982446,1.6998413e-07,S98,0
41,0.002320679,3.639968e-05,0.99764293,S98,0
42,3.028751e-05,4.1687726e-05,0.999928,S98,0
43,0.00012291528,4.1172018e-05,0.99983585,S98,0
44,1.962131e-06,0.0055653234,0.99443275,S98,0
45,0.23867603,0.7595985,0.0017254745,S98,0
46,0.014248224,0.98570967,4.206083e-05,S98,0
47,2.0344794e-08,0.999711,0.0002890283,S98,0
48,0.00076456304,0.99922454,1.0859783e-05,S98,0
49,0.3696435,0.5416816,0.08867495,S98,0
50,0.981556,0.018444011,1.43092e-08,S98,0
51,0.9996599,1.1489664e-06,0.00033887435,S98,0
52,7.891523e-07,0.0126890335,0.9873102,S98,0
53,1.3538901e-06,0.0005775898,0.9994211,S98,0
54,4.1506718e-07,0.98406905,0.015930496,S98,0
55,0.99998784,1.221345e-05,3.632551e-08,S98,0
56,9.5600604e-05,0.018911626,0.98099273,S98,0
57,0.97180307,0.00017744415,0.028019393,S98,0
58,3.18714e-06,0.999995,1.7624557e-06,S98,0
59,0.99510527,0.0004287785,0.0044659125,S98,0
60,0.9995054,0.00044860365,4.6048306e-05,S98,0
61,0.99981624,5.6700105e-07,0.00018315398,S98,0
62,0.9898461,0.010153258,7.5395633e-07,S98,0
63,0.9999957,4.062326e-06,1.9066238e-07,S98,0
64,0.9996656,0.00032469325,9.598294e-06,S98,0
65,0.9357904,3.393503e-05,0.06417566,S98,0
66,1.6590955e-05,0.99785465,0.002128792,S98,0
67,9.875665e-06,0.99998605,4.092722e-06,S98,0
68,0.9989654,4.597947e-05,0.0009886711,S98,0
69,0.43202314,0.007393189,0.5605836,S98,0
70,0.9949062,0.002764457,0.0023293586,S98,0
71,0.026150715,0.0025961543,0.9712531,S98,0
72,6.7254e-07,0.9995221,0.00047717325,S98,0
73,8.4148315e-09,0.012186313,0.9878137,S98,0
74,8.9826153e-07,0.064351745,0.93564737,S98,0
75,0.0002416105,0.99953616,0.00022220428,S98,0
76,5.7900326e-08,0.0054966616,0.99450326,S98,0
77,4.6316676e-05,0.9999491,4.478841e-06,S98,0
78,7.909297e-05,6.154426e-06,0.99991477,S98,0
79,0.01905039,0.98068523,0.00026427614,S98,0
80,9.122437e-05,0.9999088,3.3333416e-09,S98,0
81,0.010404453,0.9765182,0.01307733,S98,0
82,1.2302934e-07,0.0018407974,0.9981591,S98,0
83,3.678373e-08,0.023422386,0.9765776,S98,0
84,7.715703e-09,0.001235555,0.9987645,S98,0
85,0.00015272302,0.9993266,0.00052076235,S98,0
86,0.00033095654,2.783869e-07,0.9996687,S98,0
87,8.446673e-06,1.0665948e-06,0.99999046,S98,0
88,0.0006254926,0.99937433,2.3702222e-07,S98,0
89,0.009403638,9.6069976e-05,0.9905003,S98,0
90,2.067129e-05,2.7550197e-05,0.9999517,S98,0
91,0.00017834442,0.00019153353,0.9996301,S98,0
92,2.6532115e-07,0.007545679,0.9924541,S98,0
93,0.19803801,0.7995206,0.002441411,S98,0
94,0.013686125,0.9863041,9.746379e-06,S98,0
95,1.9872213e-07,0.99976355,0.00023620173,S98,0
96,0.7622379,0.23687594,0.00088615506,S98,0
97,1.6327243e-05,8.715776e-07,0.99998283,S98,0
98,0.0010749599,5.812026e-05,0.9988669,S98,0
99,0.0025066675,2.6467756e-06,0.99749064,S98,0
100,8.740018e-08,0.9978423,0.0021575715,S98,0
101,1.4310397e-07,0.33044964,0.66955024,S98,0
102,0.8802518,0.119748145,3.7671814e-08,S98,0
103,0.011008341,0.00040596764,0.98858565,S98,0
104,0.005158943,0.8414121,0.15342896,S98,0
105,0.00019532458,0.99980444,2.771047e-07,S98,0
106,9.974457e-06,0.99970716,0.00028274197,S98,0
107,1.4925458e-06,0.9998554,0.000142998,S98,0
108,6.2827426e-06,0.99999344,2.9665847e-07,S98,0
109,9.3716245e-08,0.999684,0.0003158898,S98,0
110,0.992691,0.00055309216,0.0067558913,S98,0
111,0.005181183,0.0004930819,0.9943257,S98,0
112,2.6080386e-07,0.9993975,0.0006022702,S98,0
113,0.00021021854,0.9997898,1.8919972e-09,S98,0
114,3.0887404e-06,0.9999969,3.4603104e-08,S98,0
115,0.9653643,0.00011539383,0.034520302,S98,0
116,0.98828787,0.011667453,4.4669283e-05,S98,0
117,5.0740983e-08,0.99999213,7.8866e-06,S98,0
118,1.3695378e-06,0.9999975,1.2276996e-06,S98,0
119,0.00017837078,0.99730766,0.0025139623,S98,0
120,0.00053652655,0.9967637,0.0026998157,S98,0
121,0.9998672,5.2418396e-05,8.039063e-05,S98,0
122,0.00033925133,0.99966073,3.848035e-12,S98,0
123,0.9980344,0.001874163,9.1366506e-05,S98,0
124,2.2937247e-08,0.999731,0.00026897294,S98,0
125,1.7201181e-07,0.9999999,1.3009062e-08,S98,0
126,0.9991843,0.00065855216,0.0001571083,S98,0
127,0.54127437,0.4587257,3.6899588e-09,S98,0
128,2.7301147e-07,0.9999937,6.111249e-06,S98,0
129,0.9717397,0.028260285,9.327937e-10,S98,0
130,0.9976457,0.002083967,0.00027027624,S98,0
131,0.99142236,0.0085775945,1.2991867e-08,S98,0
132,0.99472284,0.005053756,0.00022344623,S98,0
133,2.8056516e-07,0.9995426,0.000457172,S98,0
134,0.9922571,0.007742954,1.5413068e-10,S98,0
135,1.9136505e-05,0.9999778,2.9464563e-06,S98,0
136,1.0,1.992853e-08,2.5115405e-08,S98,0
137,0.9994746,0.0005254724,5.445024e-09,S98,0
138,0.00091414346,0.13997892,0.85910696,S98,0
139,0.95394576,0.0460519,2.280399e-06,S98,0
140,0.99980646,2.4725746e-06,0.00019101347,S98,0
141,0.020214895,1.2702619e-08,0.979785,S98,0
142,4.91525e-06,0.0033981856,0.9965969,S98,0
143,0.9961027,0.00383082,6.644719e-05,S98,0
144,0.9311964,0.068623535,0.00018004172,S98,0
145,0.002979083,9.840152e-09,0.9970209,S98,0
146,0.00035485576,6.0504546e-05,0.9995846,S98,0
147,0.005686446,5.8955203e-07,0.994313,S98,0
148,5.968393e-07,0.98206437,0.017935073,S98,0
149,3.328813e-07,0.014073411,0.9859263,S98,0
150,0.9613646,0.038635273,1.18908964e-07,S98,0
151,0.0010910517,1.8191186e-05,0.9988908,S98,0
152,0.014321382,0.9763979,0.009280786,S98,0
153,0.0015958542,0.9983968,7.33055e-06,S98,0
154,3.463734e-05,0.999964,1.3255697e-06,S98,0
155,5.603332e-06,0.9999052,8.918633e-05,S98,0
156,1.2780851e-05,0.999987,2.5194447e-07,S98,0
157,1.4486801e-07,0.9970246,0.0029753123,S98,0
158,0.99740726,0.0013701819,0.0012225268,S98,0
159,0.017370362,0.00075854844,0.9818711,S98,0
160,4.0934526e-07,0.99989414,0.000105516236,S98,0
161,0.007785766,0.99221426,4.041338e-08,S98,0
162,2.1955584e-06,0.9999976,2.0489216e-07,S98,0
163,0.99598986,2.1615537e-05,0.0039884886,S98,0
164,0.9853322,0.01416469,0.0005031238,S98,0
165,7.775992e-08,0.9998061,0.00019385369,S98,0
166,1.3279524e-06,0.99999857,1.00858806e-07,S98,0
167,8.265906e-05,0.9968267,0.003090566,S98,0
168,0.00026990363,0.99729025,0.0024398568,S98,0
169,0.99942327,0.00028965308,0.000287102,S98,0
170,0.00034653328,0.99965346,2.091065e-11,S98,0
171,0.9981286,0.0016832001,0.00018826182,S98,0
172,1.4977104e-08,0.99936265,0.00063735066,S98,0
173,8.726716e-08,0.9999999,2.6994018e-08,S98,0
174,0.9979492,0.0017660297,0.00028478363,S98,0
175,0.6480405,0.35195956,3.614975e-08,S98,0
176,8.756136e-08,0.9999857,1.4236094e-05,S98,0
177,0.98224026,0.017759733,9.981148e-10,S98,0
178,0.9949826,0.004895811,0.000121545374,S98,0
179,0.986285,0.013714866,2.310101e-07,S98,0
180,0.9875924,0.011167891,0.0012396832,S98,0
181,2.9137624e-07,0.9998115,0.00018836965,S98,0
182,0.97920734,0.020792592,1.4992015e-09,S98,0
183,7.729822e-05,0.9997516,0.000171056,S98,0
184,0.9999809,1.9001707e-06,1.7172335e-05,S98,0
185,0.9999325,6.746815e-05,1.1659351e-08,S98,0
186,0.0082419235,0.025067588,0.96669054,S98,0
187,0.9995346,0.00042775538,3.7610087e-05,S98,0
188,0.9965557,0.00040467785,0.003039684,S98,0
189,0.0049834982,1.2317618e-06,0.9950153,S98,0
190,1.1604744e-05,0.09593182,0.90405655,S98,0
191,0.99221885,0.0077784397,2.7575013e-06,S98,0
0,0.95349014,0.00081233296,0.045697447,S99,0
1,7.388179e-06,0.21350655,0.786486,S99,0
2,2.8009617e-06,0.9994733,0.0005239153,S99,0
3,6.628094e-08,0.15429695,0.84570295,S99,0
4,0.0019136142,0.9980248,6.1600615e-05,S99,0
5,0.99863476,4.099913e-05,0.0013242263,S99,0
6,0.9995797,5.3626547e-05,0.00036662372,S99,0
7,0.9999646,3.5259105e-05,7.08073e-08,S99,0
8,0.9999999,1.0474156e-07,6.4442904e-09,S99,0
9,0.9970632,1.2453896e-07,0.0029366682,S99,0
10,6.214358e-05,0.9998702,6.7720954e-05,S99,0
11,9.019342e-06,0.9999888,2.1244894e-06,S99,0
12,0.9980761,0.0019239015,2.1959219e-09,S99,0
13,0.9999945,2.9634675e-06,2.5390802e-06,S99,0
14,0.9996983,5.914309e-06,0.0002957466,S99,0
15,0.98692167,0.01307834,2.977225e-08,S99,0
16,0.9994961,0.00011104288,0.00039278844,S99,0
17,8.710897e-06,0.9999908,4.5667045e-07,S99,0
18,0.8689362,0.13106385,2.9430394e-08,S99,0
19,6.05949e-07,0.9998486,0.00015075564,S99,0
20,0.99520314,0.0047968216,9.019373e-12,S99,0
21,0.00010801513,0.9998727,1.9306668e-05,S99,0
22,0.98263276,0.017367264,2.8625593e-09,S99,0
23,0.9997569,0.00023688118,6.175612e-06,S99,0
24,1.5831523e-06,0.999998,4.88686e-07,S99,0
25,0.00016889654,0.99983096,1.197703e-07,S99,0
26,0.00050920347,0.99949014,6.028273e-07,S99,0
27,0.9958318,0.004168219,8.9390815e-09,S99,0
28,0.92982584,0.07017419,1.0891506e-10,S99,0
29,1.44152755e-05,0.9905487,0.00943692,S99,0
30,0.14284274,0.85715723,1.77593e-08,S99,0
31,0.0036328803,0.9963671,2.34275e-08,S99,0
32,0.997065,0.00093842525,0.0019966168,S99,0
33,0.9965036,0.001959183,0.0015372386,S99,0
34,0.014359842,0.0002591144,0.98538107,S99,0
35,0.9997416,2.8006414e-05,0.00023038953,S99,0
36,5.4738325e-06,0.9994273,0.0005672312,S99,0
37,1.0389311e-05,0.77934337,0.22064622,S99,0
38,2.3429915e-05,0.69570005,0.3042765,S99,0
39,0.004429906,0.99557,1.2287451e-07,S99,0
40,0.021193918,0.9788053,8.680346e-07,S99,0
41,0.0010896708,0.9989103,5.466496e-11,S99,0
42,0.9961027,2.6368629e-05,0.003870986,S99,0
43,0.0044014286,0.034397658,0.9612009,S99,0
44,0.0053964797,0.0027746474,0.99182886,S99,0
45,9.329281e-07,5.1103552e-06,0.9999939,S99,0
46,4.3398663e-06,0.9990608,0.00093488727,S99,0
47,3.4652057e-08,0.9836473,0.016352702,S99,0
48,0.001505421,0.016456567,0.982038,S99,0
49,6.405232e-06,0.9346952,0.065298505,S99,0
50,2.140172e-10,0.99142754,0.0085724825,S99,0
51,3.00944e-08,0.034603305,0.9653967,S99,0
52,0.001902682,0.9980971,2.9088608e-07,S99,0
53,0.096108414,0.4989522,0.4049393,S99,0
54,0.92013234,0.0024508608,0.07741684,S99,0
55,0.1799498,0.82005,2.0534941e-07,S99,0
56,0.99997187,2.8109016e-05,8.560898e-09,S99,0
57,0.3037917,0.0013783266,0.69482994,S99,0
58,1.130958e-05,0.07933159,0.92065716,S99,0
59,4.330826e-05,0.9999567,6.799862e-09,S99,0
60,0.8156511,0.18434876,5.1928687e-08,S99,0
61,0.999668,6.4479023e-06,0.00032552463,S99,0
62,0.9998834,8.8154854e-07,0.00011576913,S99,0
63,0.862243,0.13775507,1.9402703e-06,S99,0
64,0.9974921,0.00022730812,0.0022806192,S99,0
65,6.19761e-05,0.9999379,1.0991308e-07,S99,0
66,0.92036915,0.07963084,3.6210103e-08,S99,0
67,2.026118e-07,0.9951632,0.0048365183,S99,0
68,0.99018866,0.009811383,7.5900214e-10,S99,0
69,0.0002349451,0.9997526,1.25092165e-05,S99,0
70,0.70185626,0.2981437,1.522008e-08,S99,0
71,0.9793114,0.018881792,0.001806862,S99,0
72,6.3040807e-06,0.9999622,3.1494565e-05,S99,0
73,0.00019620535,0.99976975,3.4073953e-05,S99,0
74,1.4775106e-05,0.9999851,7.631729e-08,S99,0
75,0.9789225,0.021077545,1.7778033e-08,S99,0
76,0.9555714,0.04442862,4.2416803e-09,S99,0
77,4.4302855e-05,0.99926335,0.00069238764,S99,0
78,0.041844774,0.9581553,3.225319e-08,S99,0
79,0.0052337674,0.99476624,4.3612056e-09,S99,0
80,0.99630797,0.0005911867,0.0031008022,S99,0
81,0.99013025,0.001326099,0.008543697,S99,0
82,0.02434933,0.0015225571,0.9741281,S99,0
83,0.9980385,0.00024526037,0.0017162958,S99,0
84,2.7412489e-06,0.999969,2.8240138e-05,S99,0
85,0.0005837466,0.94559735,0.053818826,S99,0
86,1.5728905e-05,0.15228185,0.84770244,S99,0
87,0.10337988,0.89654994,7.0270675e-05,S99,0
88,0.0014140031,0.9985856,4.298378e-07,S99,0
89,0.00057095446,0.99942905,2.3749464e-10,S99,0
90,0.9987167,2.0501473e-05,0.0012628374,S99,0
91,0.044115543,0.017112184,0.93877226,S99,0
92,0.0011638528,0.0005162746,0.9983198,S99,0
93,5.1390885e-05,4.4674303e-05,0.9999039,S99,0
94,9.128794e-05,0.9990171,0.00089148944,S99,0
95,9.2068655e-09,0.990171,0.009829021,S99,0
96,0.016360478,0.055781968,0.9278576,S99,0
97,0.005921281,0.9939837,9.498154e-05,S99,0
98,0.061022136,0.040200856,0.89877707,S99,0
99,0.0069225365,0.36509132,0.6279861,S99,0
100,8.710002e-06,0.98802036,0.011970974,S99,0
101,2.2009624e-08,0.12758783,0.8724121,S99,0
102,1.1977584e-09,0.5334138,0.46658614,S99,0
103,3.4252018e-06,0.9354709,0.064525664,S99,0
104,2.0023426e-06,0.8633959,0.13660207,S99,0
105,1.4300174e-08,0.99947554,0.00052443636,S99,0
106,0.0007054933,6.373206e-05,0.99923074,S99,0
107,3.7579448e-06,0.0012697243,0.99872655,S99,0
108,6.101708e-10,0.9990803,0.0009196496,S99,0
109,5.088934e-07,0.9999995,1.0994198e-09,S99,0
110,2.62523e-05,0.99997354,2.2123504e-07,S99,0
111,0.0017120333,3.1034877e-05,0.998257,S99,0
112,4.2554497e-05,3.4804816e-05,0.99992263,S99,0
113,5.30521e-05,0.99994683,1.1021931e-07,S99,0
114,1.0439466e-07,0.016459549,0.98354036,S99,0
115,0.0087326905,0.9906369,0.00063053827,S99,0
116,3.8629796e-07,0.008496692,0.9915029,S99,0
117,4.0137536e-05,0.00012293148,0.9998369,S99,0
118,0.00031555435,1.4765727e-05,0.9996697,S99,0
119,1.2933095e-09,6.508765e-06,0.99999344,S99,0
120,0.9651086,0.034796044,9.536336e-05,S99,0
121,0.97979593,0.012752091,0.0074520106,S99,0
122,0.99815,0.00027286456,0.0015771608,S99,0
123,0.9950206,0.004928796,5.0573854e-05,S99,0
124,1.9402441e-06,0.018344305,0.98165375,S99,0
125,0.0002577119,0.076754585,0.9229877,S99,0
126,4.447545e-09,2.2592208e-06,0.99999774,S99,0
127,0.014294144,2.6816986e-05,0.9856791,S99,0
128,0.42571643,0.21678366,0.3574999,S99,0
129,4.6144545e-05,0.00055219553,0.9994017,S99,0
130,0.99878436,4.7260912e-07,0.0012151507,S99,0
131,0.9999771,7.167702e-08,2.2726488e-05,S99,0
132,0.99999595,4.5373514e-09,4.027021e-06,S99,0
133,0.9998857,0.00011350823,8.4334374e-07,S99,0
134,1.26561945e-05,1.121159e-05,0.99997616,S99,0
135,0.93924093,0.06075889,8.324851e-08,S99,0
136,0.999175,0.0008249536,4.528147e-09,S99,0
137,0.00011021641,0.02745034,0.97243947,S99,0
138,0.99741334,0.0010908248,0.0014958438,S99,0
139,0.00013578954,0.9993262,0.0005379443,S99,0
140,0.99480563,0.005194348,1.0475902e-08,S99,0
141,0.02753511,0.9724649,5.3145727e-11,S99,0
142,0.00027098632,0.9977525,0.0019765608,S99,0
143,0.99879956,0.00095238694,0.00024801615,S99,0
144,0.9944391,0.0035361135,0.00202481,S99,0
145,0.005627897,0.994372,8.5618446e-08,S99,0
146,0.048657887,0.012592715,0.9387494,S99,0
147,0.00026728568,0.00020053626,0.9995322,S99,0
148,0.0029369993,0.99667597,0.0003870099,S99,0
149,8.4241925e-08,0.016602686,0.9833972,S99,0
150,3.030529e-09,0.031783022,0.968217,S99,0
151,2.253785e-05,0.9900619,0.009915652,S99,0
152,3.381266e-06,0.9478273,0.052169282,S99,0
153,1.5555491e-08,0.995227,0.0047729635,S99,0
154,1.1607357e-05,2.620271e-06,0.9999858,S99,0
155,4.8411807e-06,0.00013161093,0.9998635,S99,0
156,2.3625926e-09,0.9920306,0.00796938,S99,0
157,9.758751e-06,0.9999902,2.0783702e-08,S99,0
158,2.0929516e-05,0.99997807,9.575164e-07,S99,0
159,9.869365e-05,7.282848e-06,0.999894,S99,0
160,6.528233e-05,7.3850366e-05,0.9998609,S99,0
161,0.00048895885,0.9995096,1.3999836e-06,S99,0
162,2.2945483e-07,0.022999143,0.9770007,S99,0
163,0.006291025,0.99333596,0.00037298884,S99,0
164,3.8778788e-07,0.0143284425,0.9856712,S99,0
165,0.00038220987,0.00091587886,0.99870193,S99,0
166,0.0004913009,9.137502e-06,0.99949956,S99,0
167,3.6243468e-09,8.682012e-05,0.9999132,S99,0
168,0.93990195,0.060031135,6.6881425e-05,S99,0
169,0.94127375,0.057228863,0.0014974683,S99,0
170,0.99629277,0.00013701049,0.0035701229,S99,0
171,0.97787446,0.021926185,0.00019931197,S99,0
172,4.670012e-07,0.050786674,0.94921285,S99,0
173,0.00020410435,0.049391504,0.95040447,S99,0
174,3.8732084e-09,3.935206e-06,0.99999607,S99,0
175,0.0010024174,3.3831504e-05,0.9989637,S99,0
176,0.30929133,0.34984234,0.34086627,S99,0
177,1.7708143e-06,0.00057325326,0.99942505,S99,0
178,0.9908448,2.6716016e-06,0.009152426,S99,0
179,0.9998727,1.9640302e-06,0.0001253515,S99,0
180,0.9999976,4.9614933e-08,2.391507e-06,S99,0
181,0.9976373,0.0023622967,4.2973235e-07,S99,0
182,1.8066637e-05,0.00010740312,0.9998745,S99,0
183,0.6467812,0.35321638,2.362846e-06,S99,0
184,0.9846331,0.0153667675,1.1606642e-07,S99,0
185,4.633099e-06,0.0015304408,0.99846494,S99,0
186,0.98739165,0.0018997987,0.010708543,S99,0
187,4.716123e-05,0.93387353,0.066079214,S99,0
188,0.9859488,0.014051088,7.670323e-08,S99,0
189,0.046417404,0.9535826,9.430769e-09,S99,0
190,4.371635e-05,0.99494874,0.0050075124,S99,0
191,0.9980001,0.0019136635,8.6207416e-05,S99,0
